{"stats":{"minecraft:used":{"minecraft:iron_shovel":1871,"minecraft:spruce_slab":300,"minecraft:ladder":273,"minecraft:diamond_hoe":17,"minecraft:shield":12,"minecraft:chest":52,"minecraft:stone":5315,"minecraft:iron_sword":251,"minecraft:zombie_spawn_egg":10,"minecraft:rotten_flesh":15,"minecraft:soul_campfire":4,"minecraft:obsidian":14,"minecraft:spruce_boat":28,"minecraft:glass":168,"minecraft:lava_bucket":6,"minecraft:villager_spawn_egg":48,"minecraft:grass_block":2,"minecraft:lantern":9,"minecraft:netherite_hoe":14,"minecraft:stone_bricks":224,"minecraft:golden_sword":15,"minecraft:sweet_berries":32,"minecraft:oak_sapling":3,"minecraft:furnace":23,"minecraft:egg":1,"minecraft:potato":47,"minecraft:diorite":15,"minecraft:spruce_door":2,"minecraft:stone_pickaxe":528,"minecraft:wooden_pickaxe":13,"minecraft:composter":7,"minecraft:diamond_axe":337,"minecraft:sand":7,"minecraft:blast_furnace":5,"minecraft:shears":5,"minecraft:lever":21,"minecraft:bread":38,"minecraft:lectern":19,"minecraft:gravel":25,"minecraft:cat_spawn_egg":7,"minecraft:diamond_sword":143,"minecraft:grindstone":6,"minecraft:smithing_table":2,"minecraft:andesite":12,"minecraft:bone_meal":28,"minecraft:trader_llama_spawn_egg":5,"minecraft:enchanting_table":2,"minecraft:stone_sword":182,"minecraft:flint_and_steel":2,"minecraft:stone_shovel":683,"minecraft:redstone":42,"tacz:gun_smith_table":1,"minecraft:spruce_planks":291,"minecraft:stone_hoe":9,"minecraft:netherrack":172,"minecraft:torch":648,"minecraft:brewing_stand":1,"minecraft:dirt":1283,"minecraft:anvil":2,"minecraft:white_carpet":33,"minecraft:hopper":15,"minecraft:spruce_stairs":129,"minecraft:granite":24,"minecraft:spruce_fence":13,"minecraft:iron_hoe":29,"minecraft:stone_brick_slab":121,"alexsmobs:maggot":3,"minecraft:bookshelf":33,"minecraft:iron_axe":563,"minecraft:spruce_button":10,"minecraft:barrel":3,"minecraft:soul_soil":1,"minecraft:drowned_spawn_egg":37,"minecraft:minecart":18,"tombstone:gift":12,"minecraft:cooked_beef":5,"minecraft:cobbled_deepslate":1,"travelersbackpack:fox":8,"minecraft:pumpkin":2,"minecraft:wheat_seeds":49,"minecraft:water_bucket":181,"minecraft:amethyst_block":1,"minecraft:glass_bottle":7,"minecraft:baked_potato":137,"minecraft:spruce_sign":353,"minecraft:cauldron":1,"minecraft:fletching_table":9,"minecraft:stonecutter":3,"minecraft:rail":208,"minecraft:tnt":6,"minecraft:crafting_table":24,"minecraft:white_bed":5,"minecraft:campfire":2,"minecraft:spruce_log":77,"tombstone:bag_of_seeds":1,"minecraft:oak_log":1,"minecraft:piston":10,"minecraft:diamond_pickaxe":1101,"minecraft:apple":6,"minecraft:diamond_shovel":891,"minecraft:iron_pickaxe":240,"minecraft:stone_slab":101,"minecraft:spruce_trapdoor":331,"minecraft:spruce_sapling":34,"minecraft:stone_axe":303,"minecraft:cobblestone":36,"minecraft:purple_bed":1,"travelersbackpack:standard":1,"minecraft:bucket":222,"alexsmobs:animal_dictionary":4},"minecraft:picked_up":{"minecraft:wheat":24,"minecraft:nether_brick_fence":2,"minecraft:anvil":1,"minecraft:stone_slab":2,"minecraft:lead":17,"minecraft:amethyst_block":1,"minecraft:string":41,"minecraft:soul_soil":3,"minecraft:raw_copper":175,"alexsmobs:dropbear_claw":1,"alexsmobs:blood_sac":1,"minecraft:gold_nugget":168,"minecraft:cobbled_deepslate":52,"minecraft:bucket":1,"minecraft:spruce_planks":110,"alexsmobs:raccoon_tail":1,"minecraft:furnace":7,"minecraft:stick":16,"minecraft:composter":4,"minecraft:torch":63,"minecraft:spruce_stairs":17,"minecraft:porkchop":10,"tacz:attachment":1,"tombstone:grave_dust":31,"minecraft:diorite":22,"alexsmobs:centipede_leg":1,"minecraft:cauldron":1,"minecraft:rotten_flesh":144,"minecraft:blaze_rod":6,"minecraft:obsidian":16,"minecraft:cobblestone":627,"minecraft:nautilus_shell":4,"minecraft:birch_log":6,"minecraft:feather":2,"minecraft:andesite":24,"minecraft:potato":142,"minecraft:flint":9,"minecraft:tuff":2,"minecraft:lantern":5,"minecraft:lapis_lazuli":53,"minecraft:dirt":3119,"minecraft:bone":22,"minecraft:stonecutter":2,"minecraft:bow":3,"minecraft:wheat_seeds":190,"minecraft:raw_gold":11,"minecraft:grindstone":4,"minecraft:fletching_table":6,"tacz:gun_smith_table":1,"minecraft:oak_planks":1,"minecraft:poisonous_potato":1,"minecraft:sand":68,"minecraft:stripped_spruce_log":4,"minecraft:ink_sac":3,"minecraft:bundle":3,"minecraft:spruce_fence_gate":1,"minecraft:diamond":4,"minecraft:spruce_boat":30,"minecraft:lever":11,"minecraft:granite":24,"minecraft:bone_meal":1,"minecraft:spruce_button":4,"minecraft:spruce_sign":11,"minecraft:bread":5,"alexsmobs:maggot":13,"minecraft:oak_sapling":10,"minecraft:netherrack":329,"minecraft:crimson_roots":9,"minecraft:spruce_leaves":5,"minecraft:crafting_table":17,"minecraft:azure_bluet":2,"minecraft:chicken":3,"minecraft:ladder":6,"minecraft:chest_minecart":1,"minecraft:brown_mushroom":31,"minecraft:cornflower":3,"tacz:ammo":225,"minecraft:white_carpet":7,"minecraft:iron_shovel":1,"minecraft:beef":10,"minecraft:lectern":17,"minecraft:iron_nugget":14,"minecraft:poppy":3,"minecraft:spruce_slab":20,"minecraft:minecart":28,"minecraft:chest":9,"minecraft:spruce_trapdoor":14,"minecraft:phantom_membrane":2,"minecraft:egg":1,"minecraft:raw_iron":52,"minecraft:copper_ingot":5,"minecraft:carrot":1,"minecraft:redstone":263,"minecraft:arrow":29,"minecraft:nether_bricks":24,"minecraft:hay_block":8,"tombstone:essence_of_undeath":2,"minecraft:rail":311,"minecraft:white_wool":27,"minecraft:oxeye_daisy":1,"minecraft:stripped_oak_log":1,"minecraft:salmon":25,"minecraft:leather":8,"minecraft:red_mushroom":18,"minecraft:oak_log":80,"minecraft:gunpowder":24,"minecraft:apple":4,"minecraft:stone_bricks":116,"alexsmobs:cockroach_wing_fragment":2,"minecraft:iron_ingot":55,"tombstone:bag_of_seeds":1,"minecraft:soul_sand":14,"minecraft:pumpkin":10,"minecraft:sweet_berries":29,"minecraft:stone_brick_slab":12,"minecraft:dandelion":30,"minecraft:gravel":69,"minecraft:spruce_sapling":36,"minecraft:blast_furnace":4,"minecraft:white_bed":3,"minecraft:spruce_log":616,"minecraft:spruce_door":1,"minecraft:spider_eye":3,"travelersbackpack:fox":6,"minecraft:purple_bed":1,"minecraft:stone_axe":2,"tacz:modern_kinetic_gun":7,"minecraft:iron_helmet":5,"minecraft:baked_potato":46,"tombstone:magic_scroll":2,"minecraft:coal":155,"minecraft:hopper":7,"minecraft:ender_pearl":1},"minecraft:dropped":{"minecraft:spruce_sign":17,"minecraft:baked_potato":62,"minecraft:crafting_table":65,"minecraft:rail":19,"minecraft:cornflower":1,"minecraft:crimson_roots":9,"minecraft:bone_meal":6,"minecraft:iron_pickaxe":1,"minecraft:gold_ingot":12,"minecraft:bone":1,"minecraft:gravel":8,"minecraft:stone_axe":4,"minecraft:iron_nugget":14,"minecraft:cobbled_deepslate":22,"minecraft:rotten_flesh":15,"minecraft:oak_planks":15,"minecraft:nether_brick_fence":1,"minecraft:azure_bluet":2,"minecraft:poppy":3,"minecraft:hopper":5,"minecraft:chest":1,"minecraft:ladder":7,"minecraft:spruce_slab":10,"minecraft:arrow":14,"minecraft:iron_ingot":3,"minecraft:bread":18,"minecraft:wheat_seeds":15,"minecraft:iron_helmet":5,"minecraft:cobblestone":337,"minecraft:lead":2,"minecraft:copper_ingot":8,"minecraft:spruce_stairs":2,"minecraft:coal":12,"minecraft:stick":6,"minecraft:spruce_fence_gate":1,"minecraft:diorite":7,"minecraft:ink_sac":3,"tombstone:magic_scroll":1,"minecraft:torch":16,"tombstone:grave_dust":4,"tacz:modern_kinetic_gun":6,"minecraft:iron_shovel":1,"minecraft:bucket":2,"minecraft:spruce_sapling":2,"minecraft:dandelion":16,"minecraft:furnace":4,"minecraft:sweet_berries":1,"alexsmobs:maggot":1,"minecraft:soul_soil":2,"minecraft:stone_sword":1,"minecraft:tuff":2,"minecraft:stone_shovel":1,"minecraft:potato":377,"minecraft:spruce_boat":2,"minecraft:stone":1,"minecraft:spruce_planks":6,"minecraft:spruce_trapdoor":6,"minecraft:bundle":7,"minecraft:diamond_pickaxe":1,"minecraft:andesite":12,"minecraft:stone_bricks":3,"tombstone:essence_of_undeath":1,"minecraft:spruce_log":96,"minecraft:bow":3,"minecraft:wooden_pickaxe":1},"minecraft:mined":{"minecraft:spruce_planks":106,"minecraft:white_bed":3,"minecraft:farmland":1,"minecraft:obsidian":17,"minecraft:spruce_trapdoor":14,"minecraft:granite":24,"minecraft:budding_amethyst":2,"minecraft:grass_block":1852,"minecraft:soul_soil":2,"minecraft:composter":4,"minecraft:hopper":7,"tacz:gun_smith_table":1,"minecraft:spawner":1,"minecraft:tall_seagrass":2,"minecraft:magma_block":1,"minecraft:iron_ore":42,"minecraft:cobbled_deepslate":1,"minecraft:fire":68,"minecraft:pumpkin":10,"minecraft:fletching_table":6,"minecraft:deepslate_lapis_ore":6,"minecraft:anvil":1,"minecraft:dirt_path":56,"minecraft:small_amethyst_bud":1,"minecraft:spruce_slab":20,"minecraft:deepslate_redstone_ore":56,"minecraft:brown_mushroom":30,"minecraft:crimson_nylium":5,"minecraft:medium_amethyst_bud":2,"minecraft:soul_fire":4,"minecraft:torch":40,"minecraft:blast_furnace":5,"minecraft:chest":9,"minecraft:spruce_wall_sign":9,"minecraft:glass":10,"minecraft:cobblestone":24,"minecraft:grindstone":4,"minecraft:wall_torch":19,"minecraft:amethyst_block":1,"minecraft:cauldron":1,"minecraft:birch_log":6,"minecraft:wheat":39,"minecraft:grass":562,"minecraft:oak_log":80,"minecraft:sand":68,"minecraft:dirt":1301,"minecraft:stonecutter":3,"minecraft:netherrack":407,"minecraft:oak_leaves":69,"minecraft:deepslate":67,"minecraft:nether_gold_ore":33,"minecraft:tuff":2,"minecraft:deepslate_diamond_ore":4,"travelersbackpack:fox":6,"minecraft:nether_bricks":24,"minecraft:lever":1,"minecraft:crimson_roots":2,"minecraft:redstone_wire":22,"minecraft:spruce_leaves":53,"minecraft:red_mushroom":19,"minecraft:large_fern":2,"minecraft:hay_block":8,"minecraft:spruce_sapling":1,"minecraft:furnace":7,"minecraft:andesite":24,"minecraft:stripped_spruce_log":4,"minecraft:nether_brick_fence":1,"minecraft:potatoes":7,"minecraft:deepslate_iron_ore":10,"minecraft:rail":254,"minecraft:stripped_oak_log":1,"minecraft:stone":479,"minecraft:soul_sand":14,"minecraft:stone_brick_slab":12,"minecraft:spruce_door":1,"minecraft:dandelion":10,"minecraft:crafting_table":17,"minecraft:spruce_button":3,"minecraft:lectern":17,"minecraft:stone_slab":1,"minecraft:tall_grass":83,"minecraft:copper_ore":52,"minecraft:lapis_ore":3,"minecraft:deepslate_gold_ore":11,"minecraft:diorite":22,"minecraft:spruce_stairs":18,"minecraft:purple_bed":1,"minecraft:sweet_berry_bush":12,"minecraft:white_carpet":1,"minecraft:spruce_log":586,"minecraft:coal_ore":113,"minecraft:gravel":80,"minecraft:cobweb":29,"minecraft:spruce_fence_gate":1,"minecraft:stone_bricks":117,"minecraft:fern":9},"minecraft:crafted":{"minecraft:yellow_wool":2,"minecraft:oak_planks":148,"minecraft:barrel":3,"minecraft:blaze_powder":12,"minecraft:cooked_chicken":3,"travelersbackpack:yellow_sleeping_bag":1,"minecraft:stone":1217,"minecraft:lever":10,"minecraft:diamond_shovel":2,"minecraft:glass":7,"minecraft:hopper":12,"minecraft:iron_boots":1,"minecraft:chest":49,"travelersbackpack:fox":4,"minecraft:rail":48,"minecraft:stone_hoe":1,"minecraft:stone_bricks":4,"minecraft:glass_bottle":24,"minecraft:emerald":59,"minecraft:cooked_porkchop":10,"minecraft:crafting_table":9,"minecraft:spruce_planks":2104,"travelersbackpack:standard":2,"minecraft:baked_potato":160,"minecraft:wooden_pickaxe":1,"minecraft:iron_helmet":1,"minecraft:spruce_door":3,"minecraft:copper_ingot":64,"minecraft:fletching_table":3,"minecraft:hopper_minecart":2,"minecraft:birch_planks":24,"minecraft:hay_block":7,"minecraft:campfire":2,"minecraft:apple":4,"minecraft:spruce_trapdoor":322,"minecraft:iron_chestplate":1,"minecraft:diamond_pickaxe":2,"minecraft:charcoal":10,"minecraft:yellow_dye":2,"minecraft:shield":1,"minecraft:stick":656,"minecraft:stone_slab":10,"minecraft:iron_ingot":45,"minecraft:iron_pickaxe":2,"minecraft:stone_sword":1,"minecraft:gold_ingot":32,"minecraft:shears":1,"minecraft:stone_shovel":5,"minecraft:iron_nugget":18,"minecraft:spruce_button":6,"minecraft:furnace":14,"minecraft:piston":10,"minecraft:bone_meal":33,"minecraft:spruce_fence":15,"minecraft:white_carpet":36,"minecraft:flint_and_steel":1,"minecraft:lantern":2,"minecraft:spruce_stairs":8,"minecraft:iron_axe":4,"minecraft:ladder":147,"minecraft:iron_hoe":1,"minecraft:spruce_slab":312,"minecraft:stone_pickaxe":4,"minecraft:spruce_boat":2,"minecraft:minecart":3,"minecraft:wheat":135,"minecraft:cooked_beef":10,"minecraft:sugar":6,"minecraft:spruce_sign":57,"travelersbackpack:backpack_tank":2,"minecraft:iron_sword":2,"minecraft:bucket":2,"minecraft:stone_axe":3,"minecraft:bread":32,"minecraft:air":0,"minecraft:white_wool":1,"minecraft:golden_apple":5,"minecraft:fermented_spider_eye":2,"minecraft:iron_shovel":8,"minecraft:iron_leggings":1,"minecraft:stonecutter":1,"minecraft:torch":204},"minecraft:killed_by":{"minecraft:enderman":3,"minecraft:iron_golem":1,"minecraft:skeleton":1},"minecraft:killed":{"minecraft:zombified_piglin":48,"minecraft:spider":13,"minecraft:skeleton":30,"minecraft:chicken":3,"minecraft:cat":1,"minecraft:magma_cube":8,"minecraft:piglin":2,"minecraft:pig":5,"minecraft:zombie_villager":2,"minecraft:salmon":25,"minecraft:iron_golem":13,"minecraft:creeper":23,"alexsmobs:crimson_mosquito":1,"minecraft:trader_llama":3,"minecraft:zombie":86,"alexsmobs:fly":3,"minecraft:blaze":23,"minecraft:cow":4,"alexsmobs:dropbear":1,"minecraft:phantom":2,"minecraft:drowned":307,"minecraft:wandering_trader":1,"alexsmobs:cockroach":2,"minecraft:wither_skeleton":1,"minecraft:villager":38,"minecraft:enderman":4},"minecraft:custom":{"minecraft:animals_bred":9,"minecraft:interact_with_crafting_table":192,"minecraft:bell_ring":24,"minecraft:leave_game":10,"minecraft:time_since_death":20158,"minecraft:sprint_one_cm":1510468,"minecraft:damage_blocked_by_shield":440,"minecraft:drop":265,"minecraft:talked_to_villager":336,"minecraft:play_time":1571997,"minecraft:deaths":10,"minecraft:jump":16256,"minecraft:interact_with_brewingstand":2,"minecraft:walk_on_water_one_cm":186804,"minecraft:enchant_item":16,"minecraft:interact_with_furnace":336,"minecraft:traded_with_villager":61,"minecraft:sleep_in_bed":7,"minecraft:damage_dealt":32550,"minecraft:crouch_one_cm":232970,"tombstone:undead_killed":476,"tombstone:villager_killed":39,"minecraft:inspect_dispenser":20,"minecraft:horse_one_cm":24452,"minecraft:interact_with_smithing_table":14,"minecraft:mob_kills":659,"minecraft:interact_with_anvil":12,"minecraft:inspect_hopper":56,"minecraft:climb_one_cm":98548,"minecraft:walk_one_cm":3810227,"minecraft:sneak_time":74167,"minecraft:walk_under_water_one_cm":101320,"minecraft:boat_one_cm":796222,"minecraft:interact_with_blast_furnace":2,"minecraft:total_world_time":1571997,"tombstone:raider_killed":16,"minecraft:interact_with_grindstone":8,"minecraft:interact_with_stonecutter":9,"minecraft:time_since_rest":19382,"minecraft:damage_taken":8683,"minecraft:swim_one_cm":269249,"minecraft:fly_one_cm":3360059,"minecraft:open_chest":943,"minecraft:fall_one_cm":303726},"minecraft:broken":{"minecraft:iron_shovel":6,"minecraft:stone_pickaxe":4,"minecraft:stone_axe":1,"minecraft:stone_shovel":4,"minecraft:iron_axe":2}},"DataVersion":3465}