{"stats":{"minecraft:used":{"minecraft:iron_shovel":1786,"minecraft:spruce_slab":300,"minecraft:ladder":134,"minecraft:chest":22,"minecraft:shield":1,"minecraft:stone":514,"minecraft:iron_sword":140,"minecraft:rotten_flesh":15,"minecraft:obsidian":14,"minecraft:spruce_boat":26,"minecraft:glass":32,"minecraft:lava_bucket":4,"minecraft:villager_spawn_egg":2,"minecraft:lantern":7,"minecraft:netherite_hoe":11,"minecraft:stone_bricks":2,"minecraft:golden_sword":15,"minecraft:sweet_berries":32,"minecraft:furnace":12,"minecraft:egg":1,"minecraft:potato":42,"minecraft:diorite":15,"minecraft:spruce_door":2,"minecraft:stone_pickaxe":528,"minecraft:wooden_pickaxe":13,"minecraft:composter":1,"minecraft:sand":7,"minecraft:shears":5,"minecraft:bread":38,"minecraft:grindstone":2,"minecraft:smithing_table":1,"minecraft:andesite":12,"minecraft:bone_meal":28,"minecraft:stone_sword":182,"minecraft:flint_and_steel":2,"minecraft:stone_shovel":683,"tacz:gun_smith_table":1,"minecraft:spruce_planks":50,"minecraft:stone_hoe":9,"minecraft:torch":230,"minecraft:dirt":705,"minecraft:white_carpet":32,"minecraft:hopper":11,"minecraft:spruce_stairs":6,"minecraft:spruce_fence":2,"minecraft:granite":24,"minecraft:iron_hoe":29,"alexsmobs:maggot":3,"minecraft:iron_axe":552,"minecraft:spruce_button":10,"minecraft:barrel":3,"minecraft:minecart":17,"tombstone:gift":7,"minecraft:cooked_beef":5,"minecraft:cobbled_deepslate":1,"travelersbackpack:fox":5,"minecraft:wheat_seeds":49,"minecraft:water_bucket":93,"minecraft:amethyst_block":1,"minecraft:baked_potato":53,"minecraft:cauldron":1,"minecraft:spruce_sign":10,"minecraft:stonecutter":2,"minecraft:rail":161,"minecraft:crafting_table":22,"minecraft:white_bed":4,"minecraft:campfire":2,"minecraft:spruce_log":10,"minecraft:oak_log":1,"minecraft:diamond_pickaxe":378,"minecraft:apple":6,"minecraft:diamond_shovel":262,"minecraft:iron_pickaxe":240,"minecraft:spruce_trapdoor":298,"minecraft:spruce_sapling":33,"minecraft:stone_axe":303,"minecraft:cobblestone":36,"travelersbackpack:standard":1,"minecraft:purple_bed":1,"minecraft:bucket":119,"alexsmobs:animal_dictionary":4},"minecraft:picked_up":{"minecraft:wheat":24,"minecraft:lead":9,"minecraft:amethyst_block":1,"minecraft:string":40,"minecraft:raw_copper":175,"minecraft:cobbled_deepslate":52,"minecraft:bucket":1,"minecraft:spruce_planks":13,"alexsmobs:raccoon_tail":1,"minecraft:furnace":7,"minecraft:stick":11,"minecraft:torch":44,"minecraft:porkchop":10,"tacz:attachment":1,"tombstone:grave_dust":15,"minecraft:diorite":22,"alexsmobs:centipede_leg":1,"minecraft:cauldron":1,"minecraft:rotten_flesh":44,"minecraft:obsidian":16,"minecraft:cobblestone":615,"minecraft:birch_log":6,"minecraft:feather":2,"minecraft:andesite":24,"minecraft:potato":78,"minecraft:flint":2,"minecraft:tuff":2,"minecraft:lantern":5,"minecraft:dirt":2548,"minecraft:lapis_lazuli":53,"minecraft:bone":16,"minecraft:stonecutter":2,"minecraft:bow":3,"minecraft:wheat_seeds":170,"minecraft:raw_gold":11,"minecraft:grindstone":3,"tacz:gun_smith_table":1,"minecraft:oak_planks":1,"minecraft:sand":68,"minecraft:stripped_spruce_log":4,"minecraft:ink_sac":3,"minecraft:spruce_fence_gate":1,"minecraft:diamond":4,"minecraft:spruce_boat":29,"minecraft:granite":24,"minecraft:bone_meal":1,"minecraft:spruce_button":4,"minecraft:spruce_sign":1,"minecraft:bread":5,"alexsmobs:maggot":11,"minecraft:oak_sapling":7,"minecraft:spruce_leaves":5,"minecraft:crafting_table":15,"minecraft:azure_bluet":2,"minecraft:chicken":3,"minecraft:ladder":6,"minecraft:chest_minecart":1,"minecraft:cornflower":1,"tacz:ammo":225,"minecraft:white_carpet":7,"minecraft:beef":10,"minecraft:iron_nugget":14,"minecraft:poppy":3,"minecraft:minecart":17,"minecraft:spruce_slab":20,"minecraft:chest":6,"minecraft:egg":1,"minecraft:phantom_membrane":2,"minecraft:spruce_trapdoor":3,"minecraft:raw_iron":52,"minecraft:copper_ingot":1,"minecraft:redstone":241,"minecraft:arrow":20,"minecraft:hay_block":8,"minecraft:white_wool":27,"minecraft:rail":248,"minecraft:salmon":25,"minecraft:leather":4,"minecraft:oak_log":60,"minecraft:gunpowder":22,"minecraft:apple":3,"minecraft:stone_bricks":1,"alexsmobs:cockroach_wing_fragment":2,"minecraft:iron_ingot":28,"minecraft:pumpkin":8,"minecraft:sweet_berries":29,"minecraft:dandelion":20,"minecraft:gravel":15,"minecraft:spruce_sapling":34,"minecraft:white_bed":3,"minecraft:spruce_log":472,"minecraft:spruce_door":1,"minecraft:spider_eye":2,"travelersbackpack:fox":2,"minecraft:purple_bed":1,"tacz:modern_kinetic_gun":5,"minecraft:stone_axe":2,"minecraft:baked_potato":46,"minecraft:coal":147,"minecraft:hopper":7},"minecraft:dropped":{"minecraft:spruce_sign":16,"minecraft:baked_potato":62,"minecraft:crafting_table":1,"minecraft:rail":19,"minecraft:cornflower":1,"minecraft:bone_meal":6,"minecraft:iron_pickaxe":1,"minecraft:gold_ingot":12,"minecraft:bone":1,"minecraft:gravel":8,"minecraft:stone_axe":4,"minecraft:iron_nugget":14,"minecraft:cobbled_deepslate":22,"minecraft:rotten_flesh":11,"minecraft:oak_planks":11,"minecraft:azure_bluet":2,"minecraft:poppy":3,"minecraft:hopper":5,"minecraft:chest":1,"minecraft:ladder":7,"minecraft:spruce_slab":10,"minecraft:arrow":9,"minecraft:iron_ingot":3,"minecraft:bread":18,"minecraft:wheat_seeds":5,"minecraft:cobblestone":337,"minecraft:copper_ingot":8,"minecraft:spruce_stairs":2,"minecraft:coal":4,"minecraft:stick":6,"minecraft:spruce_fence_gate":1,"minecraft:diorite":7,"minecraft:ink_sac":3,"minecraft:torch":16,"tombstone:grave_dust":4,"tacz:modern_kinetic_gun":3,"minecraft:bucket":2,"minecraft:spruce_sapling":1,"minecraft:dandelion":16,"minecraft:furnace":4,"alexsmobs:maggot":1,"minecraft:sweet_berries":1,"minecraft:stone_sword":1,"minecraft:tuff":2,"minecraft:stone_shovel":1,"minecraft:potato":377,"minecraft:spruce_boat":2,"minecraft:spruce_trapdoor":6,"minecraft:spruce_planks":6,"minecraft:diamond_pickaxe":1,"minecraft:andesite":12,"minecraft:stone_bricks":3,"minecraft:spruce_log":32,"minecraft:bow":3,"minecraft:wooden_pickaxe":1},"minecraft:mined":{"minecraft:spruce_planks":9,"minecraft:white_bed":3,"minecraft:farmland":1,"minecraft:obsidian":17,"minecraft:spruce_trapdoor":3,"minecraft:granite":24,"minecraft:budding_amethyst":2,"minecraft:grass_block":1667,"minecraft:hopper":7,"tacz:gun_smith_table":1,"minecraft:spawner":1,"minecraft:tall_seagrass":2,"minecraft:cobbled_deepslate":1,"minecraft:iron_ore":42,"minecraft:fire":11,"minecraft:pumpkin":8,"minecraft:deepslate_lapis_ore":6,"minecraft:dirt_path":54,"minecraft:small_amethyst_bud":1,"minecraft:spruce_slab":20,"minecraft:deepslate_redstone_ore":56,"minecraft:medium_amethyst_bud":2,"minecraft:torch":27,"minecraft:blast_furnace":1,"minecraft:chest":6,"minecraft:spruce_wall_sign":1,"minecraft:glass":9,"minecraft:cobblestone":22,"minecraft:grindstone":3,"minecraft:wall_torch":19,"minecraft:amethyst_block":1,"minecraft:cauldron":1,"minecraft:birch_log":6,"minecraft:wheat":39,"minecraft:grass":513,"minecraft:oak_log":60,"minecraft:sand":68,"minecraft:dirt":771,"minecraft:stonecutter":3,"minecraft:oak_leaves":14,"minecraft:deepslate":67,"minecraft:tuff":2,"minecraft:deepslate_diamond_ore":4,"travelersbackpack:fox":2,"minecraft:spruce_leaves":34,"minecraft:large_fern":2,"minecraft:hay_block":8,"minecraft:furnace":7,"minecraft:andesite":24,"minecraft:stripped_spruce_log":4,"minecraft:potatoes":7,"minecraft:deepslate_iron_ore":10,"minecraft:rail":192,"minecraft:stone":451,"minecraft:spruce_door":1,"minecraft:dandelion":10,"minecraft:crafting_table":15,"minecraft:spruce_button":3,"minecraft:tall_grass":82,"minecraft:copper_ore":52,"minecraft:lapis_ore":3,"minecraft:deepslate_gold_ore":11,"minecraft:diorite":22,"minecraft:purple_bed":1,"minecraft:sweet_berry_bush":12,"minecraft:white_carpet":1,"minecraft:spruce_log":474,"minecraft:coal_ore":113,"minecraft:gravel":19,"minecraft:cobweb":29,"minecraft:spruce_fence_gate":1,"minecraft:stone_bricks":2,"minecraft:fern":9},"minecraft:crafted":{"minecraft:oak_planks":64,"minecraft:yellow_wool":2,"minecraft:barrel":3,"minecraft:cooked_chicken":3,"travelersbackpack:yellow_sleeping_bag":1,"minecraft:stone":576,"minecraft:diamond_shovel":1,"minecraft:hopper":12,"minecraft:glass":7,"minecraft:iron_boots":1,"minecraft:chest":31,"travelersbackpack:fox":4,"minecraft:rail":48,"minecraft:stone_hoe":1,"minecraft:stone_bricks":4,"minecraft:cooked_porkchop":10,"minecraft:crafting_table":9,"minecraft:spruce_planks":1680,"minecraft:wooden_pickaxe":1,"minecraft:baked_potato":160,"travelersbackpack:standard":2,"minecraft:spruce_door":3,"minecraft:copper_ingot":64,"minecraft:hopper_minecart":2,"minecraft:birch_planks":24,"minecraft:hay_block":7,"minecraft:campfire":2,"minecraft:spruce_trapdoor":302,"minecraft:iron_chestplate":1,"minecraft:diamond_pickaxe":2,"minecraft:charcoal":10,"minecraft:yellow_dye":2,"minecraft:shield":1,"minecraft:stick":496,"minecraft:iron_ingot":45,"minecraft:iron_pickaxe":2,"minecraft:stone_sword":1,"minecraft:gold_ingot":14,"minecraft:shears":1,"minecraft:stone_shovel":5,"minecraft:iron_nugget":18,"minecraft:spruce_button":6,"minecraft:furnace":9,"minecraft:bone_meal":33,"minecraft:spruce_fence":3,"minecraft:white_carpet":36,"minecraft:flint_and_steel":1,"minecraft:lantern":2,"minecraft:spruce_stairs":8,"minecraft:iron_axe":3,"minecraft:ladder":141,"minecraft:spruce_slab":312,"minecraft:iron_hoe":1,"minecraft:stone_pickaxe":4,"minecraft:spruce_boat":1,"minecraft:minecart":3,"minecraft:wheat":135,"minecraft:cooked_beef":10,"minecraft:spruce_sign":27,"travelersbackpack:backpack_tank":2,"minecraft:iron_sword":1,"minecraft:bucket":2,"minecraft:stone_axe":3,"minecraft:bread":32,"minecraft:air":0,"minecraft:white_wool":1,"minecraft:iron_shovel":7,"minecraft:iron_leggings":1,"minecraft:torch":204},"minecraft:killed_by":{"minecraft:enderman":2,"minecraft:skeleton":1},"minecraft:killed":{"minecraft:spider":8,"minecraft:skeleton":21,"minecraft:chicken":3,"minecraft:pig":5,"minecraft:salmon":25,"minecraft:iron_golem":2,"minecraft:creeper":20,"minecraft:zombie":49,"alexsmobs:fly":3,"minecraft:cow":4,"minecraft:phantom":2,"minecraft:drowned":3,"alexsmobs:cockroach":2,"minecraft:villager":1,"minecraft:enderman":2},"minecraft:custom":{"minecraft:animals_bred":9,"minecraft:interact_with_crafting_table":147,"minecraft:bell_ring":23,"minecraft:leave_game":6,"minecraft:time_since_death":562386,"minecraft:sprint_one_cm":943339,"minecraft:damage_blocked_by_shield":40,"minecraft:drop":226,"minecraft:talked_to_villager":61,"minecraft:play_time":966481,"minecraft:deaths":6,"minecraft:jump":10714,"minecraft:walk_on_water_one_cm":101419,"minecraft:interact_with_furnace":230,"minecraft:sleep_in_bed":7,"minecraft:damage_dealt":21059,"minecraft:crouch_one_cm":33803,"tombstone:undead_killed":75,"tombstone:villager_killed":1,"minecraft:inspect_dispenser":12,"minecraft:horse_one_cm":18882,"minecraft:interact_with_smithing_table":8,"minecraft:mob_kills":155,"minecraft:inspect_hopper":27,"minecraft:climb_one_cm":39886,"minecraft:walk_one_cm":2501021,"minecraft:sneak_time":15953,"minecraft:walk_under_water_one_cm":37644,"minecraft:boat_one_cm":751008,"minecraft:interact_with_blast_furnace":1,"minecraft:total_world_time":966481,"tombstone:raider_killed":2,"minecraft:interact_with_grindstone":3,"minecraft:interact_with_stonecutter":5,"minecraft:time_since_rest":504011,"minecraft:damage_taken":4938,"minecraft:swim_one_cm":96665,"minecraft:fly_one_cm":2063330,"minecraft:open_chest":345,"minecraft:fall_one_cm":196983},"minecraft:broken":{"minecraft:iron_shovel":6,"minecraft:stone_pickaxe":4,"minecraft:stone_axe":1,"minecraft:stone_shovel":4,"minecraft:iron_axe":2}},"DataVersion":3465}