{"stats":{"minecraft:used":{"minecraft:iron_shovel":1786,"minecraft:spruce_slab":9,"minecraft:ladder":14,"minecraft:chest":14,"minecraft:shield":1,"minecraft:stone":140,"minecraft:iron_sword":82,"minecraft:rotten_flesh":15,"minecraft:spruce_boat":26,"minecraft:glass":12,"minecraft:lava_bucket":3,"minecraft:lantern":2,"minecraft:stone_bricks":2,"minecraft:golden_sword":15,"minecraft:sweet_berries":32,"minecraft:furnace":8,"minecraft:egg":1,"minecraft:potato":25,"minecraft:diorite":15,"minecraft:stone_pickaxe":528,"minecraft:wooden_pickaxe":13,"minecraft:sand":7,"minecraft:shears":5,"minecraft:bread":38,"minecraft:grindstone":1,"minecraft:andesite":12,"minecraft:bone_meal":27,"minecraft:stone_sword":182,"minecraft:stone_shovel":683,"tacz:gun_smith_table":1,"minecraft:stone_hoe":9,"minecraft:torch":223,"minecraft:dirt":697,"minecraft:white_carpet":19,"minecraft:hopper":3,"minecraft:spruce_stairs":2,"minecraft:spruce_fence":2,"minecraft:granite":24,"minecraft:iron_hoe":29,"alexsmobs:maggot":3,"minecraft:iron_axe":463,"minecraft:spruce_button":10,"minecraft:barrel":3,"minecraft:minecart":17,"tombstone:gift":7,"minecraft:cooked_beef":5,"travelersbackpack:fox":5,"minecraft:wheat_seeds":49,"minecraft:water_bucket":38,"minecraft:amethyst_block":1,"minecraft:baked_potato":35,"minecraft:spruce_sign":10,"minecraft:stonecutter":2,"minecraft:rail":161,"minecraft:crafting_table":13,"minecraft:campfire":2,"minecraft:spruce_log":10,"minecraft:oak_log":1,"minecraft:diamond_pickaxe":257,"minecraft:apple":6,"minecraft:diamond_shovel":181,"minecraft:iron_pickaxe":240,"minecraft:spruce_trapdoor":45,"minecraft:spruce_sapling":33,"minecraft:stone_axe":303,"minecraft:cobblestone":34,"travelersbackpack:standard":1,"minecraft:purple_bed":1,"minecraft:bucket":52,"alexsmobs:animal_dictionary":4},"minecraft:picked_up":{"minecraft:wheat":24,"minecraft:lead":3,"minecraft:amethyst_block":1,"minecraft:string":40,"minecraft:raw_copper":175,"minecraft:cobbled_deepslate":25,"minecraft:bucket":1,"minecraft:spruce_planks":4,"alexsmobs:raccoon_tail":1,"minecraft:furnace":3,"minecraft:stick":11,"minecraft:torch":38,"minecraft:porkchop":10,"tacz:attachment":1,"tombstone:grave_dust":15,"minecraft:diorite":22,"alexsmobs:centipede_leg":1,"minecraft:rotten_flesh":41,"minecraft:cobblestone":580,"minecraft:birch_log":6,"minecraft:feather":2,"minecraft:andesite":24,"minecraft:potato":21,"minecraft:flint":1,"minecraft:tuff":2,"minecraft:dirt":2470,"minecraft:lapis_lazuli":16,"minecraft:bone":14,"minecraft:stonecutter":2,"minecraft:bow":3,"minecraft:wheat_seeds":170,"minecraft:raw_gold":11,"minecraft:grindstone":2,"tacz:gun_smith_table":1,"minecraft:oak_planks":1,"minecraft:sand":68,"minecraft:stripped_spruce_log":4,"minecraft:ink_sac":3,"minecraft:spruce_fence_gate":1,"minecraft:diamond":4,"minecraft:spruce_boat":29,"minecraft:granite":24,"minecraft:bone_meal":1,"minecraft:spruce_button":4,"minecraft:spruce_sign":1,"minecraft:bread":4,"alexsmobs:maggot":6,"minecraft:oak_sapling":7,"minecraft:spruce_leaves":5,"minecraft:crafting_table":7,"minecraft:azure_bluet":2,"minecraft:chicken":3,"minecraft:ladder":6,"minecraft:chest_minecart":1,"minecraft:cornflower":1,"tacz:ammo":165,"minecraft:white_carpet":6,"minecraft:beef":10,"minecraft:iron_nugget":14,"minecraft:poppy":3,"minecraft:minecart":17,"minecraft:spruce_slab":4,"minecraft:chest":3,"minecraft:egg":1,"minecraft:phantom_membrane":2,"minecraft:spruce_trapdoor":1,"minecraft:raw_iron":52,"minecraft:copper_ingot":1,"minecraft:redstone":231,"minecraft:arrow":20,"minecraft:hay_block":8,"minecraft:white_wool":27,"minecraft:rail":248,"minecraft:salmon":25,"minecraft:leather":4,"minecraft:oak_log":60,"minecraft:gunpowder":22,"minecraft:apple":3,"minecraft:stone_bricks":1,"alexsmobs:cockroach_wing_fragment":2,"minecraft:iron_ingot":28,"minecraft:pumpkin":8,"minecraft:sweet_berries":29,"minecraft:dandelion":20,"minecraft:gravel":8,"minecraft:spruce_sapling":34,"minecraft:spruce_log":428,"minecraft:spider_eye":2,"travelersbackpack:fox":2,"minecraft:purple_bed":1,"tacz:modern_kinetic_gun":4,"minecraft:stone_axe":2,"minecraft:coal":147},"minecraft:dropped":{"minecraft:spruce_sign":16,"minecraft:crafting_table":1,"minecraft:rail":19,"minecraft:cornflower":1,"minecraft:iron_pickaxe":1,"minecraft:gold_ingot":12,"minecraft:bone":1,"minecraft:gravel":8,"minecraft:stone_axe":4,"minecraft:iron_nugget":14,"minecraft:cobbled_deepslate":22,"minecraft:rotten_flesh":11,"minecraft:oak_planks":11,"minecraft:azure_bluet":2,"minecraft:poppy":3,"minecraft:chest":1,"minecraft:ladder":7,"minecraft:arrow":9,"minecraft:bread":17,"minecraft:wheat_seeds":5,"minecraft:cobblestone":337,"minecraft:coal":4,"minecraft:stick":6,"minecraft:spruce_fence_gate":1,"minecraft:diorite":7,"minecraft:ink_sac":3,"minecraft:torch":16,"tombstone:grave_dust":4,"tacz:modern_kinetic_gun":2,"minecraft:bucket":2,"minecraft:spruce_sapling":1,"minecraft:dandelion":16,"minecraft:furnace":1,"alexsmobs:maggot":1,"minecraft:sweet_berries":1,"minecraft:stone_sword":1,"minecraft:tuff":2,"minecraft:stone_shovel":1,"minecraft:potato":6,"minecraft:spruce_boat":2,"minecraft:spruce_planks":4,"minecraft:diamond_pickaxe":1,"minecraft:andesite":12,"minecraft:stone_bricks":3,"minecraft:spruce_log":32,"minecraft:bow":3,"minecraft:wooden_pickaxe":1},"minecraft:mined":{"minecraft:farmland":1,"minecraft:spruce_trapdoor":1,"minecraft:granite":24,"minecraft:budding_amethyst":2,"minecraft:grass_block":1620,"tacz:gun_smith_table":1,"minecraft:spawner":1,"minecraft:tall_seagrass":2,"minecraft:iron_ore":42,"minecraft:fire":10,"minecraft:pumpkin":8,"minecraft:dirt_path":54,"minecraft:small_amethyst_bud":1,"minecraft:spruce_slab":4,"minecraft:deepslate_redstone_ore":54,"minecraft:medium_amethyst_bud":2,"minecraft:torch":22,"minecraft:blast_furnace":1,"minecraft:chest":3,"minecraft:spruce_wall_sign":1,"minecraft:glass":5,"minecraft:cobblestone":6,"minecraft:grindstone":2,"minecraft:wall_torch":18,"minecraft:amethyst_block":1,"minecraft:birch_log":6,"minecraft:wheat":39,"minecraft:grass":509,"minecraft:oak_log":60,"minecraft:sand":68,"minecraft:dirt":740,"minecraft:stonecutter":3,"minecraft:oak_leaves":14,"minecraft:deepslate":25,"minecraft:tuff":2,"minecraft:deepslate_diamond_ore":4,"travelersbackpack:fox":2,"minecraft:spruce_leaves":34,"minecraft:large_fern":2,"minecraft:hay_block":8,"minecraft:furnace":3,"minecraft:andesite":24,"minecraft:stripped_spruce_log":4,"minecraft:potatoes":6,"minecraft:deepslate_iron_ore":10,"minecraft:rail":192,"minecraft:stone":427,"minecraft:dandelion":10,"minecraft:crafting_table":7,"minecraft:spruce_button":3,"minecraft:tall_grass":82,"minecraft:copper_ore":52,"minecraft:lapis_ore":3,"minecraft:deepslate_gold_ore":11,"minecraft:diorite":22,"minecraft:purple_bed":1,"minecraft:sweet_berry_bush":12,"minecraft:spruce_log":430,"minecraft:coal_ore":113,"minecraft:gravel":10,"minecraft:cobweb":29,"minecraft:spruce_fence_gate":1,"minecraft:stone_bricks":2,"minecraft:fern":9},"minecraft:crafted":{"minecraft:oak_planks":64,"minecraft:yellow_wool":2,"minecraft:barrel":3,"minecraft:cooked_chicken":3,"travelersbackpack:yellow_sleeping_bag":1,"minecraft:stone":163,"minecraft:diamond_shovel":1,"minecraft:hopper":6,"minecraft:glass":7,"minecraft:iron_boots":1,"minecraft:chest":20,"travelersbackpack:fox":1,"minecraft:rail":48,"minecraft:stone_hoe":1,"minecraft:stone_bricks":4,"minecraft:cooked_porkchop":10,"minecraft:crafting_table":8,"minecraft:spruce_planks":544,"minecraft:wooden_pickaxe":1,"minecraft:baked_potato":96,"travelersbackpack:standard":1,"minecraft:copper_ingot":64,"minecraft:hopper_minecart":2,"minecraft:birch_planks":24,"minecraft:hay_block":7,"minecraft:campfire":2,"minecraft:spruce_trapdoor":60,"minecraft:iron_chestplate":1,"minecraft:diamond_pickaxe":2,"minecraft:charcoal":10,"minecraft:yellow_dye":2,"minecraft:shield":1,"minecraft:stick":176,"minecraft:iron_ingot":45,"minecraft:iron_pickaxe":2,"minecraft:stone_sword":1,"minecraft:gold_ingot":13,"minecraft:shears":1,"minecraft:stone_shovel":5,"minecraft:iron_nugget":18,"minecraft:spruce_button":6,"minecraft:furnace":6,"minecraft:bone_meal":27,"minecraft:spruce_fence":3,"minecraft:white_carpet":36,"minecraft:lantern":2,"minecraft:spruce_stairs":4,"minecraft:iron_axe":2,"minecraft:ladder":21,"minecraft:spruce_slab":24,"minecraft:iron_hoe":1,"minecraft:stone_pickaxe":4,"minecraft:spruce_boat":1,"minecraft:minecart":3,"minecraft:wheat":135,"minecraft:cooked_beef":10,"minecraft:spruce_sign":27,"travelersbackpack:backpack_tank":2,"minecraft:iron_sword":1,"minecraft:bucket":2,"minecraft:stone_axe":3,"minecraft:bread":32,"minecraft:air":0,"minecraft:white_wool":1,"minecraft:iron_shovel":7,"minecraft:iron_leggings":1,"minecraft:torch":204},"minecraft:killed_by":{"minecraft:enderman":2,"minecraft:skeleton":1},"minecraft:killed":{"minecraft:spider":8,"minecraft:skeleton":17,"minecraft:chicken":3,"minecraft:pig":5,"minecraft:salmon":25,"minecraft:iron_golem":2,"minecraft:creeper":19,"minecraft:zombie":36,"alexsmobs:fly":2,"minecraft:cow":4,"minecraft:phantom":2,"minecraft:drowned":3,"alexsmobs:cockroach":2,"minecraft:enderman":2},"minecraft:custom":{"minecraft:animals_bred":7,"minecraft:interact_with_crafting_table":114,"minecraft:bell_ring":23,"minecraft:leave_game":5,"minecraft:time_since_death":202146,"minecraft:sprint_one_cm":782363,"minecraft:damage_blocked_by_shield":40,"minecraft:drop":89,"minecraft:talked_to_villager":55,"minecraft:play_time":606241,"minecraft:deaths":6,"minecraft:jump":8944,"minecraft:walk_on_water_one_cm":84431,"minecraft:interact_with_furnace":158,"minecraft:sleep_in_bed":7,"minecraft:damage_dealt":17783,"minecraft:crouch_one_cm":7307,"tombstone:undead_killed":58,"minecraft:inspect_dispenser":11,"minecraft:horse_one_cm":18882,"minecraft:mob_kills":135,"minecraft:inspect_hopper":3,"minecraft:climb_one_cm":8113,"minecraft:walk_one_cm":2030141,"minecraft:sneak_time":4034,"minecraft:walk_under_water_one_cm":37235,"minecraft:boat_one_cm":751008,"minecraft:interact_with_blast_furnace":1,"minecraft:total_world_time":606241,"tombstone:raider_killed":2,"minecraft:interact_with_grindstone":3,"minecraft:interact_with_stonecutter":5,"minecraft:time_since_rest":143771,"minecraft:damage_taken":4548,"minecraft:swim_one_cm":94297,"minecraft:fly_one_cm":1470861,"minecraft:open_chest":245,"minecraft:fall_one_cm":166258},"minecraft:broken":{"minecraft:iron_shovel":6,"minecraft:stone_pickaxe":4,"minecraft:stone_axe":1,"minecraft:stone_shovel":4,"minecraft:iron_axe":1}},"DataVersion":3465}