{"stats":{"minecraft:used":{"minecraft:iron_shovel":1823,"minecraft:spruce_slab":300,"minecraft:ladder":273,"minecraft:diamond_hoe":17,"minecraft:chest":39,"minecraft:shield":1,"minecraft:stone":5313,"minecraft:iron_sword":184,"minecraft:zombie_spawn_egg":7,"minecraft:rotten_flesh":15,"minecraft:soul_campfire":4,"minecraft:obsidian":14,"minecraft:spruce_boat":26,"minecraft:glass":154,"minecraft:lava_bucket":6,"minecraft:villager_spawn_egg":4,"minecraft:lantern":9,"minecraft:grass_block":2,"minecraft:netherite_hoe":11,"minecraft:stone_bricks":2,"minecraft:golden_sword":15,"minecraft:sweet_berries":32,"minecraft:furnace":23,"minecraft:egg":1,"minecraft:potato":42,"minecraft:diorite":15,"minecraft:spruce_door":2,"minecraft:stone_pickaxe":528,"minecraft:wooden_pickaxe":13,"minecraft:composter":1,"minecraft:diamond_axe":24,"minecraft:sand":7,"minecraft:shears":5,"minecraft:bread":38,"minecraft:diamond_sword":143,"minecraft:grindstone":3,"minecraft:smithing_table":1,"minecraft:andesite":12,"minecraft:bone_meal":28,"minecraft:enchanting_table":2,"minecraft:stone_sword":182,"minecraft:flint_and_steel":2,"minecraft:stone_shovel":683,"tacz:gun_smith_table":1,"minecraft:spruce_planks":50,"minecraft:stone_hoe":9,"minecraft:torch":641,"minecraft:dirt":1176,"minecraft:anvil":2,"minecraft:white_carpet":33,"minecraft:hopper":15,"minecraft:spruce_stairs":129,"minecraft:granite":24,"minecraft:spruce_fence":2,"minecraft:iron_hoe":29,"minecraft:stone_brick_slab":1,"alexsmobs:maggot":3,"minecraft:bookshelf":33,"minecraft:iron_axe":563,"minecraft:spruce_button":10,"minecraft:barrel":3,"minecraft:drowned_spawn_egg":37,"minecraft:minecart":17,"tombstone:gift":11,"minecraft:cooked_beef":5,"minecraft:cobbled_deepslate":1,"travelersbackpack:fox":7,"minecraft:wheat_seeds":49,"minecraft:water_bucket":181,"minecraft:amethyst_block":1,"minecraft:baked_potato":85,"minecraft:cauldron":1,"minecraft:spruce_sign":343,"minecraft:stonecutter":3,"minecraft:rail":161,"minecraft:crafting_table":24,"minecraft:white_bed":4,"minecraft:campfire":2,"minecraft:spruce_log":10,"tombstone:bag_of_seeds":1,"minecraft:oak_log":1,"minecraft:diamond_pickaxe":404,"minecraft:apple":6,"minecraft:diamond_shovel":616,"minecraft:iron_pickaxe":240,"minecraft:stone_slab":101,"minecraft:spruce_trapdoor":300,"minecraft:spruce_sapling":33,"minecraft:stone_axe":303,"minecraft:cobblestone":36,"minecraft:purple_bed":1,"travelersbackpack:standard":1,"minecraft:bucket":222,"alexsmobs:animal_dictionary":4},"minecraft:picked_up":{"minecraft:wheat":24,"minecraft:anvil":1,"minecraft:stone_slab":2,"minecraft:lead":17,"minecraft:amethyst_block":1,"minecraft:string":40,"minecraft:raw_copper":175,"minecraft:cobbled_deepslate":52,"minecraft:bucket":1,"minecraft:spruce_planks":13,"alexsmobs:raccoon_tail":1,"minecraft:furnace":7,"minecraft:stick":11,"minecraft:torch":46,"minecraft:spruce_stairs":17,"minecraft:porkchop":10,"tacz:attachment":1,"tombstone:grave_dust":30,"minecraft:diorite":22,"alexsmobs:centipede_leg":1,"minecraft:cauldron":1,"minecraft:rotten_flesh":135,"minecraft:obsidian":16,"minecraft:cobblestone":622,"minecraft:nautilus_shell":4,"minecraft:birch_log":6,"minecraft:feather":2,"minecraft:andesite":24,"minecraft:potato":78,"minecraft:flint":2,"minecraft:tuff":2,"minecraft:lantern":5,"minecraft:lapis_lazuli":53,"minecraft:dirt":2879,"minecraft:bone":19,"minecraft:stonecutter":2,"minecraft:bow":3,"minecraft:wheat_seeds":170,"minecraft:raw_gold":11,"minecraft:grindstone":3,"tacz:gun_smith_table":1,"minecraft:oak_planks":1,"minecraft:sand":68,"minecraft:stripped_spruce_log":4,"minecraft:ink_sac":3,"minecraft:bundle":3,"minecraft:spruce_fence_gate":1,"minecraft:diamond":4,"minecraft:spruce_boat":29,"minecraft:granite":24,"minecraft:bone_meal":1,"minecraft:spruce_button":4,"minecraft:spruce_sign":10,"minecraft:bread":5,"alexsmobs:maggot":13,"minecraft:oak_sapling":7,"minecraft:spruce_leaves":5,"minecraft:crafting_table":17,"minecraft:azure_bluet":2,"minecraft:chicken":3,"minecraft:ladder":6,"minecraft:chest_minecart":1,"minecraft:cornflower":1,"tacz:ammo":225,"minecraft:white_carpet":7,"minecraft:beef":10,"minecraft:iron_nugget":14,"minecraft:poppy":3,"minecraft:minecart":17,"minecraft:spruce_slab":20,"minecraft:chest":6,"minecraft:spruce_trapdoor":3,"minecraft:phantom_membrane":2,"minecraft:egg":1,"minecraft:raw_iron":52,"minecraft:copper_ingot":5,"minecraft:carrot":1,"minecraft:redstone":241,"minecraft:arrow":24,"minecraft:hay_block":8,"tombstone:essence_of_undeath":1,"minecraft:rail":248,"minecraft:white_wool":27,"minecraft:salmon":25,"minecraft:leather":4,"minecraft:oak_log":60,"minecraft:gunpowder":24,"minecraft:apple":3,"minecraft:stone_bricks":1,"alexsmobs:cockroach_wing_fragment":2,"minecraft:iron_ingot":55,"tombstone:bag_of_seeds":1,"minecraft:pumpkin":8,"minecraft:sweet_berries":29,"minecraft:dandelion":20,"minecraft:gravel":15,"minecraft:spruce_sapling":34,"minecraft:white_bed":3,"minecraft:spruce_log":472,"minecraft:spruce_door":1,"minecraft:spider_eye":2,"travelersbackpack:fox":5,"minecraft:purple_bed":1,"minecraft:stone_axe":2,"tacz:modern_kinetic_gun":5,"minecraft:iron_helmet":5,"minecraft:baked_potato":46,"tombstone:magic_scroll":2,"minecraft:coal":147,"minecraft:hopper":7},"minecraft:dropped":{"minecraft:spruce_sign":16,"minecraft:baked_potato":62,"minecraft:crafting_table":1,"minecraft:rail":19,"minecraft:cornflower":1,"minecraft:bone_meal":6,"minecraft:iron_pickaxe":1,"minecraft:gold_ingot":12,"minecraft:bone":1,"minecraft:gravel":8,"minecraft:stone_axe":4,"minecraft:iron_nugget":14,"minecraft:cobbled_deepslate":22,"minecraft:rotten_flesh":11,"minecraft:oak_planks":11,"minecraft:azure_bluet":2,"minecraft:poppy":3,"minecraft:hopper":5,"minecraft:chest":1,"minecraft:ladder":7,"minecraft:spruce_slab":10,"minecraft:arrow":9,"minecraft:iron_ingot":3,"minecraft:bread":18,"minecraft:wheat_seeds":5,"minecraft:iron_helmet":5,"minecraft:cobblestone":337,"minecraft:lead":2,"minecraft:copper_ingot":8,"minecraft:spruce_stairs":2,"minecraft:coal":4,"minecraft:stick":6,"minecraft:spruce_fence_gate":1,"minecraft:diorite":7,"minecraft:ink_sac":3,"tombstone:magic_scroll":1,"minecraft:torch":16,"tombstone:grave_dust":4,"tacz:modern_kinetic_gun":4,"minecraft:bucket":2,"minecraft:spruce_sapling":1,"minecraft:dandelion":16,"minecraft:furnace":4,"minecraft:sweet_berries":1,"alexsmobs:maggot":1,"minecraft:stone_sword":1,"minecraft:tuff":2,"minecraft:stone_shovel":1,"minecraft:potato":377,"minecraft:spruce_boat":2,"minecraft:stone":1,"minecraft:spruce_planks":6,"minecraft:spruce_trapdoor":6,"minecraft:bundle":7,"minecraft:diamond_pickaxe":1,"minecraft:andesite":12,"minecraft:stone_bricks":3,"minecraft:spruce_log":32,"minecraft:bow":3,"minecraft:wooden_pickaxe":1},"minecraft:mined":{"minecraft:spruce_planks":9,"minecraft:white_bed":3,"minecraft:farmland":1,"minecraft:obsidian":17,"minecraft:spruce_trapdoor":3,"minecraft:granite":24,"minecraft:budding_amethyst":2,"minecraft:grass_block":1668,"minecraft:hopper":7,"tacz:gun_smith_table":1,"minecraft:spawner":1,"minecraft:tall_seagrass":2,"minecraft:iron_ore":42,"minecraft:cobbled_deepslate":1,"minecraft:fire":11,"minecraft:pumpkin":8,"minecraft:deepslate_lapis_ore":6,"minecraft:anvil":1,"minecraft:dirt_path":54,"minecraft:small_amethyst_bud":1,"minecraft:spruce_slab":20,"minecraft:deepslate_redstone_ore":56,"minecraft:medium_amethyst_bud":2,"minecraft:torch":29,"minecraft:blast_furnace":1,"minecraft:chest":6,"minecraft:spruce_wall_sign":9,"minecraft:glass":9,"minecraft:cobblestone":22,"minecraft:grindstone":3,"minecraft:wall_torch":19,"minecraft:amethyst_block":1,"minecraft:cauldron":1,"minecraft:birch_log":6,"minecraft:wheat":39,"minecraft:grass":518,"minecraft:oak_log":60,"minecraft:sand":68,"minecraft:dirt":1252,"minecraft:stonecutter":3,"minecraft:oak_leaves":14,"minecraft:deepslate":67,"minecraft:tuff":2,"minecraft:deepslate_diamond_ore":4,"travelersbackpack:fox":5,"minecraft:spruce_leaves":34,"minecraft:large_fern":2,"minecraft:hay_block":8,"minecraft:furnace":7,"minecraft:andesite":24,"minecraft:stripped_spruce_log":4,"minecraft:potatoes":7,"minecraft:deepslate_iron_ore":10,"minecraft:rail":192,"minecraft:stone":475,"minecraft:spruce_door":1,"minecraft:dandelion":10,"minecraft:crafting_table":17,"minecraft:spruce_button":3,"minecraft:stone_slab":1,"minecraft:tall_grass":82,"minecraft:copper_ore":52,"minecraft:lapis_ore":3,"minecraft:deepslate_gold_ore":11,"minecraft:diorite":22,"minecraft:spruce_stairs":17,"minecraft:purple_bed":1,"minecraft:sweet_berry_bush":12,"minecraft:white_carpet":1,"minecraft:spruce_log":474,"minecraft:coal_ore":113,"minecraft:gravel":19,"minecraft:cobweb":29,"minecraft:spruce_fence_gate":1,"minecraft:stone_bricks":2,"minecraft:fern":9},"minecraft:crafted":{"minecraft:yellow_wool":2,"minecraft:oak_planks":64,"minecraft:barrel":3,"minecraft:cooked_chicken":3,"travelersbackpack:yellow_sleeping_bag":1,"minecraft:stone":1216,"minecraft:diamond_shovel":1,"minecraft:glass":7,"minecraft:hopper":12,"minecraft:iron_boots":1,"minecraft:chest":39,"travelersbackpack:fox":4,"minecraft:rail":48,"minecraft:stone_hoe":1,"minecraft:stone_bricks":4,"minecraft:cooked_porkchop":10,"minecraft:crafting_table":9,"minecraft:spruce_planks":1708,"minecraft:iron_helmet":1,"travelersbackpack:standard":2,"minecraft:wooden_pickaxe":1,"minecraft:baked_potato":160,"minecraft:spruce_door":3,"minecraft:copper_ingot":64,"minecraft:hopper_minecart":2,"minecraft:birch_planks":24,"minecraft:hay_block":7,"minecraft:campfire":2,"minecraft:spruce_trapdoor":302,"minecraft:iron_chestplate":1,"minecraft:diamond_pickaxe":2,"minecraft:charcoal":10,"minecraft:yellow_dye":2,"minecraft:shield":1,"minecraft:stick":496,"minecraft:stone_slab":10,"minecraft:iron_ingot":45,"minecraft:iron_pickaxe":2,"minecraft:stone_sword":1,"minecraft:gold_ingot":14,"minecraft:shears":1,"minecraft:stone_shovel":5,"minecraft:iron_nugget":18,"minecraft:spruce_button":6,"minecraft:furnace":14,"minecraft:bone_meal":33,"minecraft:spruce_fence":3,"minecraft:white_carpet":36,"minecraft:flint_and_steel":1,"minecraft:lantern":2,"minecraft:spruce_stairs":8,"minecraft:iron_axe":3,"minecraft:ladder":147,"minecraft:iron_hoe":1,"minecraft:spruce_slab":312,"minecraft:stone_pickaxe":4,"minecraft:spruce_boat":1,"minecraft:minecart":3,"minecraft:wheat":135,"minecraft:cooked_beef":10,"minecraft:spruce_sign":57,"travelersbackpack:backpack_tank":2,"minecraft:iron_sword":2,"minecraft:bucket":2,"minecraft:stone_axe":3,"minecraft:bread":32,"minecraft:air":0,"minecraft:white_wool":1,"minecraft:iron_shovel":8,"minecraft:iron_leggings":1,"minecraft:stonecutter":1,"minecraft:torch":204},"minecraft:killed_by":{"minecraft:enderman":3,"minecraft:iron_golem":1,"minecraft:skeleton":1},"minecraft:killed":{"minecraft:zombified_piglin":48,"minecraft:spider":11,"minecraft:skeleton":26,"minecraft:chicken":3,"minecraft:magma_cube":8,"minecraft:pig":5,"minecraft:zombie_villager":2,"minecraft:salmon":25,"minecraft:iron_golem":13,"minecraft:creeper":21,"minecraft:zombie":78,"alexsmobs:fly":3,"minecraft:cow":4,"minecraft:phantom":2,"minecraft:drowned":306,"minecraft:wandering_trader":1,"alexsmobs:cockroach":2,"minecraft:villager":4,"minecraft:enderman":2},"minecraft:custom":{"minecraft:animals_bred":9,"minecraft:interact_with_crafting_table":164,"minecraft:bell_ring":23,"minecraft:leave_game":9,"minecraft:time_since_death":22001,"minecraft:sprint_one_cm":1149766,"minecraft:damage_blocked_by_shield":40,"minecraft:drop":242,"minecraft:talked_to_villager":61,"minecraft:play_time":1321400,"minecraft:deaths":9,"minecraft:jump":12971,"minecraft:walk_on_water_one_cm":182907,"minecraft:enchant_item":15,"minecraft:interact_with_furnace":304,"minecraft:sleep_in_bed":7,"minecraft:damage_dealt":27218,"minecraft:crouch_one_cm":211145,"tombstone:undead_killed":462,"tombstone:villager_killed":5,"minecraft:inspect_dispenser":12,"minecraft:horse_one_cm":21564,"minecraft:interact_with_smithing_table":9,"minecraft:mob_kills":573,"minecraft:interact_with_anvil":9,"minecraft:inspect_hopper":43,"minecraft:climb_one_cm":80820,"minecraft:walk_one_cm":2971623,"minecraft:sneak_time":65265,"minecraft:walk_under_water_one_cm":94513,"minecraft:boat_one_cm":767372,"minecraft:interact_with_blast_furnace":1,"minecraft:total_world_time":1321400,"tombstone:raider_killed":16,"minecraft:interact_with_grindstone":7,"minecraft:interact_with_stonecutter":6,"minecraft:time_since_rest":20939,"minecraft:damage_taken":6783,"minecraft:swim_one_cm":256900,"minecraft:fly_one_cm":2757636,"minecraft:open_chest":701,"minecraft:fall_one_cm":235055},"minecraft:broken":{"minecraft:iron_shovel":6,"minecraft:stone_pickaxe":4,"minecraft:stone_axe":1,"minecraft:stone_shovel":4,"minecraft:iron_axe":2}},"DataVersion":3465}