{"stats":{"minecraft:used":{"minecraft:stone_sword":182,"minecraft:iron_shovel":1408,"minecraft:spruce_slab":9,"minecraft:stone_shovel":683,"tacz:gun_smith_table":1,"minecraft:chest":7,"minecraft:shield":1,"minecraft:iron_sword":77,"minecraft:rotten_flesh":15,"minecraft:stone_hoe":9,"minecraft:torch":171,"minecraft:dirt":544,"minecraft:hopper":1,"minecraft:granite":24,"minecraft:spruce_boat":26,"minecraft:iron_hoe":29,"alexsmobs:maggot":3,"minecraft:lava_bucket":3,"minecraft:spruce_button":10,"minecraft:iron_axe":37,"minecraft:barrel":3,"minecraft:golden_sword":15,"minecraft:sweet_berries":32,"minecraft:furnace":8,"minecraft:minecart":17,"tombstone:gift":6,"minecraft:egg":1,"minecraft:potato":25,"minecraft:cooked_beef":5,"travelersbackpack:fox":5,"minecraft:wheat_seeds":49,"minecraft:water_bucket":15,"minecraft:diorite":15,"minecraft:amethyst_block":1,"minecraft:baked_potato":17,"minecraft:stone_pickaxe":528,"minecraft:wooden_pickaxe":13,"minecraft:spruce_sign":10,"minecraft:stonecutter":2,"minecraft:rail":161,"minecraft:sand":7,"minecraft:crafting_table":7,"minecraft:oak_log":1,"minecraft:diamond_pickaxe":104,"minecraft:apple":6,"minecraft:iron_pickaxe":240,"minecraft:bread":38,"minecraft:spruce_sapling":1,"minecraft:purple_bed":1,"minecraft:stone_axe":303,"travelersbackpack:standard":1,"minecraft:cobblestone":27,"minecraft:grindstone":1,"minecraft:andesite":12,"minecraft:bucket":25,"alexsmobs:animal_dictionary":4,"minecraft:bone_meal":27},"minecraft:picked_up":{"minecraft:crafting_table":4,"minecraft:wheat":24,"minecraft:azure_bluet":1,"minecraft:chicken":3,"minecraft:chest_minecart":1,"minecraft:lead":1,"minecraft:amethyst_block":1,"minecraft:cornflower":1,"minecraft:string":40,"minecraft:raw_copper":175,"tacz:ammo":165,"minecraft:cobbled_deepslate":25,"minecraft:bucket":1,"minecraft:spruce_planks":4,"minecraft:beef":10,"minecraft:iron_nugget":14,"minecraft:poppy":3,"minecraft:spruce_slab":4,"alexsmobs:raccoon_tail":1,"minecraft:minecart":17,"minecraft:chest":2,"minecraft:phantom_membrane":2,"minecraft:furnace":3,"minecraft:egg":1,"minecraft:stick":7,"minecraft:raw_iron":52,"minecraft:copper_ingot":1,"minecraft:torch":18,"minecraft:porkchop":10,"tacz:attachment":1,"tombstone:grave_dust":9,"minecraft:diorite":22,"minecraft:redstone":231,"alexsmobs:centipede_leg":1,"minecraft:arrow":19,"minecraft:rotten_flesh":32,"minecraft:hay_block":8,"minecraft:rail":248,"minecraft:white_wool":2,"minecraft:cobblestone":280,"minecraft:birch_log":6,"minecraft:feather":2,"minecraft:andesite":24,"minecraft:salmon":14,"minecraft:leather":4,"minecraft:potato":21,"minecraft:flint":1,"minecraft:tuff":2,"minecraft:oak_log":60,"minecraft:gunpowder":20,"minecraft:lapis_lazuli":16,"minecraft:dirt":1922,"minecraft:bone":13,"minecraft:apple":3,"minecraft:bow":2,"minecraft:stonecutter":2,"minecraft:wheat_seeds":153,"minecraft:raw_gold":11,"alexsmobs:cockroach_wing_fragment":2,"minecraft:iron_ingot":28,"minecraft:grindstone":2,"tacz:gun_smith_table":1,"minecraft:oak_planks":1,"minecraft:pumpkin":8,"minecraft:sweet_berries":29,"minecraft:dandelion":18,"minecraft:gravel":8,"minecraft:sand":68,"minecraft:spruce_sapling":1,"minecraft:ink_sac":3,"minecraft:spruce_log":81,"minecraft:spider_eye":2,"travelersbackpack:fox":2,"minecraft:spruce_fence_gate":1,"minecraft:purple_bed":1,"minecraft:diamond":4,"minecraft:spruce_boat":29,"minecraft:stone_axe":2,"tacz:modern_kinetic_gun":4,"minecraft:granite":24,"minecraft:spruce_sign":1,"minecraft:spruce_button":4,"minecraft:bread":4,"alexsmobs:maggot":6,"minecraft:oak_sapling":7,"minecraft:coal":147},"minecraft:dropped":{"minecraft:spruce_sign":16,"minecraft:bread":17,"minecraft:wheat_seeds":1,"minecraft:crafting_table":1,"minecraft:cobblestone":17,"minecraft:rail":19,"minecraft:coal":4,"minecraft:spruce_fence_gate":1,"minecraft:stick":6,"minecraft:diorite":7,"minecraft:ink_sac":3,"minecraft:torch":16,"minecraft:cornflower":1,"tombstone:grave_dust":3,"tacz:modern_kinetic_gun":2,"minecraft:iron_pickaxe":1,"minecraft:bucket":2,"minecraft:gold_ingot":12,"minecraft:gravel":8,"minecraft:furnace":1,"minecraft:stone_axe":4,"minecraft:sweet_berries":1,"alexsmobs:maggot":1,"minecraft:iron_nugget":14,"minecraft:stone_sword":1,"minecraft:cobbled_deepslate":22,"minecraft:tuff":2,"minecraft:stone_shovel":1,"minecraft:rotten_flesh":11,"minecraft:oak_planks":11,"minecraft:azure_bluet":1,"minecraft:poppy":3,"minecraft:potato":6,"minecraft:spruce_planks":4,"minecraft:diamond_pickaxe":1,"minecraft:andesite":12,"minecraft:chest":1,"minecraft:spruce_log":32,"minecraft:bow":2,"minecraft:wooden_pickaxe":1},"minecraft:mined":{"minecraft:tuff":2,"minecraft:farmland":1,"minecraft:deepslate_diamond_ore":4,"travelersbackpack:fox":2,"minecraft:granite":24,"minecraft:budding_amethyst":2,"minecraft:grass_block":1408,"minecraft:spruce_leaves":11,"tacz:gun_smith_table":1,"minecraft:spawner":1,"minecraft:large_fern":2,"minecraft:hay_block":8,"minecraft:tall_seagrass":2,"minecraft:furnace":3,"minecraft:iron_ore":42,"minecraft:fire":10,"minecraft:andesite":24,"minecraft:pumpkin":8,"minecraft:potatoes":6,"minecraft:dirt_path":53,"minecraft:deepslate_iron_ore":10,"minecraft:rail":192,"minecraft:small_amethyst_bud":1,"minecraft:stone":284,"minecraft:spruce_slab":4,"minecraft:deepslate_redstone_ore":54,"minecraft:medium_amethyst_bud":2,"minecraft:dandelion":10,"minecraft:crafting_table":4,"minecraft:torch":11,"minecraft:spruce_button":3,"minecraft:blast_furnace":1,"minecraft:chest":2,"minecraft:copper_ore":52,"minecraft:tall_grass":70,"minecraft:glass":1,"minecraft:spruce_wall_sign":1,"minecraft:deepslate_gold_ore":11,"minecraft:lapis_ore":3,"minecraft:grindstone":2,"minecraft:diorite":22,"minecraft:wall_torch":8,"minecraft:amethyst_block":1,"minecraft:purple_bed":1,"minecraft:sweet_berry_bush":12,"minecraft:birch_log":6,"minecraft:wheat":39,"minecraft:spruce_log":81,"minecraft:grass":469,"minecraft:coal_ore":113,"minecraft:oak_log":60,"minecraft:gravel":10,"minecraft:dirt":456,"minecraft:sand":68,"minecraft:cobweb":29,"minecraft:spruce_fence_gate":1,"minecraft:stonecutter":3,"minecraft:oak_leaves":14,"minecraft:deepslate":25,"minecraft:fern":9},"minecraft:crafted":{"minecraft:yellow_wool":2,"minecraft:oak_planks":64,"minecraft:stone_shovel":5,"minecraft:barrel":3,"minecraft:spruce_button":6,"minecraft:cooked_chicken":3,"travelersbackpack:yellow_sleeping_bag":1,"minecraft:furnace":6,"minecraft:bone_meal":27,"minecraft:glass":7,"minecraft:hopper":4,"minecraft:iron_boots":1,"minecraft:iron_axe":1,"minecraft:iron_hoe":1,"minecraft:spruce_slab":24,"minecraft:stone_pickaxe":4,"minecraft:chest":11,"travelersbackpack:fox":1,"minecraft:spruce_boat":1,"minecraft:rail":48,"minecraft:stone_hoe":1,"minecraft:wheat":135,"minecraft:minecart":3,"minecraft:cooked_beef":10,"minecraft:cooked_porkchop":10,"minecraft:spruce_sign":27,"minecraft:crafting_table":4,"minecraft:spruce_planks":164,"travelersbackpack:backpack_tank":2,"travelersbackpack:standard":1,"minecraft:wooden_pickaxe":1,"minecraft:baked_potato":32,"minecraft:iron_sword":1,"minecraft:copper_ingot":64,"minecraft:hopper_minecart":2,"minecraft:bucket":2,"minecraft:hay_block":7,"minecraft:birch_planks":24,"minecraft:stone_axe":3,"minecraft:bread":32,"minecraft:air":0,"minecraft:iron_chestplate":1,"minecraft:white_wool":1,"minecraft:charcoal":10,"minecraft:diamond_pickaxe":2,"minecraft:yellow_dye":2,"minecraft:shield":1,"minecraft:stick":116,"minecraft:iron_ingot":45,"minecraft:iron_pickaxe":2,"minecraft:stone_sword":1,"minecraft:gold_ingot":13,"minecraft:iron_shovel":7,"minecraft:iron_leggings":1,"minecraft:torch":204,"minecraft:shears":1},"minecraft:killed_by":{"minecraft:enderman":2,"minecraft:skeleton":1},"minecraft:killed":{"minecraft:spider":8,"minecraft:phantom":2,"minecraft:skeleton":14,"minecraft:chicken":3,"minecraft:drowned":3,"minecraft:pig":5,"minecraft:salmon":14,"minecraft:iron_golem":2,"minecraft:creeper":16,"alexsmobs:cockroach":2,"minecraft:zombie":28,"alexsmobs:fly":2,"minecraft:enderman":2,"minecraft:cow":4},"minecraft:custom":{"minecraft:mob_kills":110,"minecraft:animals_bred":1,"minecraft:interact_with_crafting_table":95,"minecraft:bell_ring":23,"minecraft:leave_game":5,"minecraft:time_since_death":64146,"minecraft:sprint_one_cm":623955,"minecraft:walk_one_cm":1717748,"minecraft:damage_blocked_by_shield":40,"minecraft:drop":70,"minecraft:talked_to_villager":55,"minecraft:play_time":468241,"minecraft:sneak_time":2901,"minecraft:deaths":6,"minecraft:walk_under_water_one_cm":19713,"minecraft:boat_one_cm":751008,"minecraft:jump":7600,"minecraft:interact_with_blast_furnace":1,"minecraft:walk_on_water_one_cm":51690,"minecraft:total_world_time":468241,"minecraft:interact_with_furnace":117,"tombstone:raider_killed":2,"minecraft:interact_with_stonecutter":1,"minecraft:interact_with_grindstone":1,"minecraft:sleep_in_bed":7,"minecraft:time_since_rest":5771,"minecraft:damage_taken":3989,"minecraft:damage_dealt":16395,"minecraft:swim_one_cm":58552,"minecraft:fly_one_cm":1190959,"minecraft:open_chest":196,"minecraft:crouch_one_cm":5438,"tombstone:undead_killed":47,"minecraft:fall_one_cm":148555,"minecraft:inspect_dispenser":11,"minecraft:horse_one_cm":18882},"minecraft:broken":{"minecraft:iron_shovel":5,"minecraft:stone_pickaxe":4,"minecraft:stone_axe":1,"minecraft:stone_shovel":4}},"DataVersion":3465}