{"stats":{"minecraft:used":{"minecraft:iron_shovel":2917,"minecraft:spruce_slab":3,"minecraft:chest":66,"minecraft:shield":40,"minecraft:stone":35,"minecraft:iron_sword":252,"minecraft:bell":7,"minecraft:rotten_flesh":15,"minecraft:spruce_boat":33,"minecraft:glass":182,"minecraft:lava_bucket":22,"minecraft:hopper_minecart":9,"minecraft:stone_bricks":398,"minecraft:furnace":47,"minecraft:potato":113,"minecraft:diorite":4,"minecraft:stone_pickaxe":46,"minecraft:composter":6,"travelersbackpack:melon":1,"minecraft:diamond_axe":417,"minecraft:redstone_torch":2,"minecraft:lever":1,"minecraft:bread":11,"minecraft:string":1,"minecraft:gravel":7,"minecraft:diamond_sword":50,"minecraft:grindstone":1,"minecraft:smithing_table":1,"minecraft:birch_log":32,"minecraft:andesite":7,"minecraft:experience_bottle":269,"minecraft:oak_fence":36,"minecraft:stone_sword":129,"minecraft:stone_shovel":931,"minecraft:spruce_planks":574,"minecraft:torch":66,"minecraft:dirt":4382,"minecraft:hopper":46,"minecraft:spruce_stairs":65,"minecraft:cobblestone_wall":77,"minecraft:granite":1,"minecraft:iron_hoe":150,"minecraft:stone_brick_slab":39,"alexsmobs:maggot":1,"minecraft:iron_axe":536,"tombstone:gift":14,"minecraft:cobbled_deepslate":46,"minecraft:wheat_seeds":96,"minecraft:water_bucket":39,"minecraft:cobblestone_stairs":4,"minecraft:baked_potato":133,"minecraft:spruce_sign":14,"minecraft:stonecutter":6,"minecraft:cobblestone_slab":9,"minecraft:rail":170,"minecraft:tnt":2,"minecraft:crafting_table":36,"minecraft:birch_sign":1,"minecraft:white_bed":20,"minecraft:spruce_log":51,"minecraft:wooden_hoe":60,"minecraft:diamond_pickaxe":5690,"minecraft:diamond_shovel":8656,"minecraft:iron_pickaxe":4583,"minecraft:spruce_trapdoor":4,"minecraft:stone_axe":48,"minecraft:cobblestone":415,"minecraft:cooked_porkchop":8,"minecraft:bucket":78,"alexsmobs:animal_dictionary":1},"minecraft:picked_up":{"minecraft:wheat":21,"minecraft:smithing_table":1,"minecraft:enchanted_book":12,"minecraft:amethyst_block":10,"minecraft:string":54,"minecraft:raw_copper":377,"minecraft:experience_bottle":68,"minecraft:diamond_leggings":1,"minecraft:cobbled_deepslate":68,"minecraft:spruce_planks":257,"minecraft:redstone_torch":10,"minecraft:rose_bush":1,"minecraft:cobblestone_slab":5,"minecraft:iron_pickaxe":1,"minecraft:hopper_minecart":3,"minecraft:furnace":38,"minecraft:stick":66,"minecraft:torch":28,"minecraft:spruce_stairs":65,"tacz:attachment":2,"tombstone:grave_dust":14,"minecraft:diorite":25,"minecraft:rotten_flesh":66,"minecraft:red_tulip":2,"minecraft:cobblestone":10965,"minecraft:birch_log":113,"minecraft:water_bucket":1,"minecraft:andesite":256,"minecraft:potato":1997,"minecraft:flint":16,"minecraft:tuff":1,"minecraft:dirt":11109,"minecraft:lapis_lazuli":48,"minecraft:glass":34,"minecraft:bone":14,"minecraft:stonecutter":7,"minecraft:bow":10,"minecraft:wheat_seeds":208,"minecraft:bell":6,"minecraft:raw_gold":9,"minecraft:grindstone":1,"minecraft:diamond_helmet":1,"minecraft:oak_planks":27,"minecraft:sand":265,"minecraft:stripped_spruce_log":10,"alexsmobs:animal_dictionary":1,"minecraft:barrel":3,"minecraft:bundle":1,"minecraft:spruce_boat":26,"minecraft:diamond":1,"minecraft:lever":3,"minecraft:granite":1,"minecraft:emerald":16,"minecraft:spruce_sign":30,"minecraft:spruce_button":6,"minecraft:bread":4,"alexsmobs:maggot":3,"minecraft:oak_sapling":41,"minecraft:diamond_pickaxe":1,"minecraft:crafting_table":95,"minecraft:allium":1,"minecraft:azure_bluet":2,"minecraft:cornflower":1,"tacz:ammo":330,"minecraft:iron_shovel":1,"minecraft:poppy":8,"minecraft:spruce_slab":10,"minecraft:minecart":9,"minecraft:sugar_cane":2,"minecraft:chest":30,"minecraft:birch_sapling":13,"minecraft:phantom_membrane":1,"minecraft:raw_iron":38,"minecraft:copper_ingot":32,"minecraft:carrot":1,"minecraft:redstone":68,"minecraft:tnt":2,"minecraft:diamond_chestplate":1,"minecraft:arrow":14,"minecraft:diamond_boots":1,"minecraft:hay_block":1,"minecraft:pink_tulip":2,"minecraft:mutton":4,"minecraft:rail":116,"minecraft:white_wool":13,"minecraft:oxeye_daisy":3,"travelersbackpack:melon":4,"minecraft:glow_ink_sac":1,"minecraft:oak_log":319,"minecraft:cobblestone_wall":5,"minecraft:gunpowder":12,"tombstone:gift":5,"minecraft:apple":7,"minecraft:stone_bricks":128,"minecraft:iron_ingot":120,"minecraft:cooked_chicken":1,"minecraft:book":5,"minecraft:stone_brick_slab":11,"minecraft:dandelion":33,"minecraft:gravel":190,"minecraft:spruce_sapling":3,"minecraft:white_bed":18,"minecraft:spruce_log":339,"minecraft:spider_eye":14,"minecraft:diamond_shovel":4,"tacz:modern_kinetic_gun":5,"minecraft:diamond_axe":1,"minecraft:gray_wool":1,"minecraft:baked_potato":67,"tombstone:magic_scroll":2,"minecraft:black_wool":1,"minecraft:coal":447,"minecraft:hopper":39},"minecraft:dropped":{"minecraft:spruce_sign":16,"minecraft:iron_sword":2,"minecraft:oak_log":69,"minecraft:baked_potato":98,"minecraft:crafting_table":10,"minecraft:rail":96,"minecraft:flint":6,"minecraft:emerald":49,"minecraft:dirt":1932,"minecraft:cornflower":1,"minecraft:phantom_membrane":1,"minecraft:iron_pickaxe":3,"minecraft:birch_log":50,"minecraft:bone":5,"minecraft:gravel":152,"minecraft:sugar_cane":2,"minecraft:lever":1,"minecraft:birch_sapling":13,"minecraft:rotten_flesh":38,"minecraft:diamond_shovel":4,"minecraft:azure_bluet":2,"minecraft:carrot":1,"minecraft:poppy":188,"minecraft:gunpowder":175,"minecraft:hopper":8,"minecraft:chest":1,"minecraft:spruce_slab":13,"minecraft:arrow":8,"minecraft:glass":58,"tacz:attachment":1,"minecraft:enchanted_book":2,"minecraft:water_bucket":1,"minecraft:iron_ingot":85,"minecraft:bread":51,"minecraft:wheat_seeds":94,"minecraft:minecart":1,"minecraft:iron_helmet":1,"minecraft:cobblestone":1879,"minecraft:book":29,"minecraft:apple":7,"minecraft:spruce_button":6,"minecraft:copper_ingot":16,"minecraft:spruce_stairs":34,"minecraft:stick":37,"minecraft:oxeye_daisy":3,"tombstone:magic_scroll":1,"minecraft:torch":8,"minecraft:wooden_hoe":3,"travelersbackpack:melon":1,"tombstone:grave_dust":6,"minecraft:iron_leggings":2,"tacz:modern_kinetic_gun":3,"minecraft:iron_axe":2,"minecraft:iron_shovel":8,"minecraft:string":26,"minecraft:bucket":1,"minecraft:dandelion":33,"minecraft:stone_brick_slab":1,"minecraft:spruce_sapling":3,"minecraft:redstone":60,"minecraft:furnace":6,"alexsmobs:maggot":2,"minecraft:stone_sword":1,"minecraft:cobblestone_wall":5,"minecraft:raw_copper":60,"minecraft:experience_bottle":63,"minecraft:raw_iron":24,"minecraft:iron_boots":2,"minecraft:iron_hoe":1,"minecraft:shears":1,"minecraft:potato":21,"minecraft:cobblestone_slab":4,"minecraft:bundle":1,"minecraft:spruce_trapdoor":16,"minecraft:spruce_planks":130,"minecraft:iron_chestplate":2,"minecraft:andesite":245,"minecraft:oak_sapling":41,"minecraft:spider_eye":4,"minecraft:redstone_torch":4,"minecraft:barrel":3,"minecraft:stone_bricks":1,"tacz:ammo":60,"minecraft:spruce_log":128,"minecraft:bow":9},"minecraft:mined":{"minecraft:spruce_planks":70,"minecraft:white_bed":18,"minecraft:sculk_vein":2,"minecraft:spruce_trapdoor":3,"minecraft:granite":1,"minecraft:grass_block":5668,"minecraft:hopper":30,"minecraft:spawner":2,"minecraft:iron_ore":34,"minecraft:fire":30,"minecraft:barrel":3,"minecraft:deepslate_lapis_ore":3,"minecraft:dirt_path":303,"minecraft:spruce_slab":5,"minecraft:tripwire":1,"travelersbackpack:melon":2,"minecraft:torch":2,"minecraft:chest":28,"minecraft:spruce_wall_sign":3,"minecraft:glass":85,"minecraft:cobblestone":181,"minecraft:grindstone":1,"minecraft:sugar_cane":2,"minecraft:oak_planks":18,"minecraft:wall_torch":1,"minecraft:spruce_sign":1,"minecraft:birch_log":118,"minecraft:wheat":59,"minecraft:tnt":2,"minecraft:grass":167,"minecraft:oak_log":323,"minecraft:sand":266,"minecraft:dirt":5775,"minecraft:stonecutter":7,"minecraft:oak_leaves":95,"minecraft:deepslate":41,"minecraft:deepslate_diamond_ore":1,"minecraft:spruce_leaves":4,"minecraft:hay_block":1,"minecraft:furnace":35,"minecraft:andesite":247,"minecraft:stripped_spruce_log":10,"minecraft:bell":7,"minecraft:potatoes":1,"minecraft:deepslate_iron_ore":4,"minecraft:cobblestone_slab":5,"minecraft:rail":129,"minecraft:stone":8869,"minecraft:redstone_wall_torch":1,"minecraft:smithing_table":1,"minecraft:stone_brick_slab":11,"minecraft:dandelion":1,"minecraft:crafting_table":29,"minecraft:spruce_button":1,"minecraft:sculk_sensor":1,"minecraft:tall_grass":25,"minecraft:copper_ore":67,"minecraft:deepslate_gold_ore":9,"minecraft:sculk":4,"minecraft:diorite":18,"minecraft:spruce_stairs":30,"minecraft:cobblestone_wall":5,"minecraft:redstone_torch":1,"minecraft:spruce_log":149,"minecraft:birch_leaves":6,"minecraft:coal_ore":450,"minecraft:gravel":201,"minecraft:cobweb":20,"minecraft:stone_bricks":128},"minecraft:crafted":{"minecraft:oak_planks":192,"minecraft:cobblestone_slab":58,"minecraft:stone":3090,"minecraft:cobblestone_stairs":4,"minecraft:lever":1,"minecraft:diamond_shovel":2,"minecraft:bookshelf":1,"minecraft:hopper":19,"minecraft:glass":242,"minecraft:stone_brick_slab":42,"minecraft:iron_boots":2,"minecraft:chest":56,"minecraft:oak_fence":39,"minecraft:emerald":131,"minecraft:crafting_table":9,"minecraft:spruce_planks":4324,"minecraft:baked_potato":192,"minecraft:iron_helmet":2,"minecraft:copper_ingot":107,"minecraft:hopper_minecart":1,"minecraft:birch_planks":8,"minecraft:spruce_trapdoor":2,"minecraft:wooden_hoe":3,"minecraft:iron_chestplate":2,"minecraft:diamond_pickaxe":1,"minecraft:shield":1,"minecraft:stick":3892,"minecraft:iron_ingot":45,"minecraft:iron_pickaxe":18,"minecraft:stone_sword":1,"minecraft:gold_ingot":6,"minecraft:redstone_torch":4,"minecraft:composter":6,"minecraft:shears":1,"minecraft:stone_shovel":7,"minecraft:furnace":16,"minecraft:spruce_stairs":44,"minecraft:iron_axe":3,"minecraft:spruce_slab":54,"minecraft:iron_hoe":2,"minecraft:stone_pickaxe":1,"minecraft:spruce_boat":5,"minecraft:birch_sign":3,"minecraft:minecart":1,"minecraft:wheat":9,"minecraft:spruce_sign":21,"minecraft:iron_sword":1,"minecraft:bucket":12,"minecraft:stone_axe":1,"minecraft:enchanted_book":1,"minecraft:bread":3,"minecraft:air":0,"minecraft:iron_shovel":18,"minecraft:iron_leggings":2,"minecraft:white_bed":4,"minecraft:torch":48},"minecraft:killed_by":{"minecraft:iron_golem":2},"minecraft:killed":{"minecraft:witch":1,"minecraft:spider":12,"minecraft:skeleton":13,"alexsmobs:centipede_head":1,"minecraft:cat":6,"minecraft:zombie_villager":1,"minecraft:iron_golem":8,"minecraft:creeper":9,"minecraft:sheep":2,"minecraft:trader_llama":3,"minecraft:zombie":48,"alexsmobs:terrapin":8,"alexsmobs:fly":5,"minecraft:phantom":6,"minecraft:drowned":18,"alexsmobs:catfish":1,"minecraft:villager":4},"minecraft:custom":{"minecraft:interact_with_crafting_table":127,"minecraft:bell_ring":473,"minecraft:leave_game":12,"minecraft:time_since_death":537239,"minecraft:sprint_one_cm":1743264,"minecraft:damage_blocked_by_shield":1805,"minecraft:drop":321,"minecraft:talked_to_villager":133,"minecraft:play_time":1514867,"minecraft:deaths":4,"minecraft:jump":11290,"minecraft:walk_on_water_one_cm":65503,"minecraft:interact_with_furnace":508,"minecraft:traded_with_villager":133,"minecraft:sleep_in_bed":5,"minecraft:damage_dealt":22111,"minecraft:crouch_one_cm":178510,"tombstone:undead_killed":86,"tombstone:villager_killed":4,"minecraft:inspect_dispenser":9,"minecraft:horse_one_cm":1404,"minecraft:interact_with_smithing_table":5,"minecraft:interact_with_anvil":10,"minecraft:mob_kills":151,"minecraft:inspect_hopper":109,"minecraft:climb_one_cm":35372,"minecraft:walk_one_cm":3698935,"minecraft:sneak_time":48779,"minecraft:walk_under_water_one_cm":39610,"minecraft:boat_one_cm":501432,"minecraft:interact_with_blast_furnace":2,"minecraft:total_world_time":1514867,"tombstone:raider_killed":7,"minecraft:interact_with_grindstone":4,"minecraft:interact_with_stonecutter":13,"minecraft:time_since_rest":879,"minecraft:damage_taken":6646,"minecraft:swim_one_cm":110161,"minecraft:fly_one_cm":1963860,"minecraft:open_chest":666,"minecraft:fall_one_cm":185556},"minecraft:broken":{"minecraft:iron_shovel":10,"minecraft:diamond_shovel":1,"minecraft:stone_shovel":7,"minecraft:iron_pickaxe":16,"minecraft:iron_helmet":1}},"DataVersion":3465}