{"stats":{"minecraft:used":{"minecraft:stone_sword":129,"minecraft:iron_shovel":791,"minecraft:stone_shovel":931,"minecraft:chest":8,"minecraft:spruce_planks":55,"minecraft:shield":36,"minecraft:iron_sword":163,"minecraft:bell":4,"minecraft:rotten_flesh":15,"minecraft:torch":63,"minecraft:dirt":719,"minecraft:hopper":2,"minecraft:granite":1,"minecraft:iron_hoe":150,"minecraft:glass":125,"minecraft:spruce_boat":6,"alexsmobs:maggot":1,"minecraft:lava_bucket":11,"minecraft:iron_axe":22,"minecraft:hopper_minecart":2,"minecraft:furnace":11,"tombstone:gift":2,"minecraft:potato":112,"minecraft:cobbled_deepslate":46,"minecraft:wheat_seeds":96,"minecraft:water_bucket":10,"minecraft:diorite":4,"minecraft:cobblestone_stairs":4,"minecraft:stone_pickaxe":46,"minecraft:baked_potato":37,"minecraft:composter":1,"minecraft:stonecutter":1,"minecraft:rail":143,"minecraft:birch_sign":1,"minecraft:crafting_table":7,"minecraft:white_bed":9,"minecraft:wooden_hoe":52,"minecraft:bread":8,"minecraft:string":1,"minecraft:iron_pickaxe":373,"minecraft:spruce_trapdoor":2,"minecraft:gravel":4,"minecraft:stone_axe":48,"minecraft:cobblestone":134,"minecraft:cooked_porkchop":8,"minecraft:andesite":7,"minecraft:bucket":38,"alexsmobs:animal_dictionary":1},"minecraft:picked_up":{"minecraft:crafting_table":4,"minecraft:wheat":21,"minecraft:allium":1,"minecraft:amethyst_block":10,"minecraft:string":25,"minecraft:raw_copper":113,"tacz:ammo":150,"minecraft:cobbled_deepslate":68,"minecraft:spruce_planks":59,"minecraft:rose_bush":1,"minecraft:poppy":4,"minecraft:iron_pickaxe":1,"minecraft:minecart":3,"minecraft:chest":5,"minecraft:furnace":2,"minecraft:stick":6,"minecraft:raw_iron":14,"minecraft:copper_ingot":24,"minecraft:torch":15,"tacz:attachment":2,"tombstone:grave_dust":13,"minecraft:diorite":15,"minecraft:carrot":1,"minecraft:redstone":8,"minecraft:rotten_flesh":42,"minecraft:arrow":10,"minecraft:hay_block":1,"minecraft:red_tulip":2,"minecraft:pink_tulip":2,"minecraft:mutton":4,"minecraft:rail":112,"minecraft:white_wool":2,"minecraft:cobblestone":200,"minecraft:birch_log":2,"travelersbackpack:melon":1,"minecraft:glow_ink_sac":1,"minecraft:water_bucket":1,"minecraft:andesite":12,"minecraft:tuff":1,"minecraft:oak_log":6,"minecraft:gunpowder":2,"minecraft:lapis_lazuli":48,"minecraft:dirt":1157,"minecraft:bone":10,"minecraft:bow":1,"minecraft:stonecutter":1,"minecraft:wheat_seeds":112,"minecraft:raw_gold":9,"minecraft:bell":4,"minecraft:iron_ingot":28,"minecraft:cooked_chicken":1,"minecraft:oak_planks":27,"minecraft:gravel":12,"minecraft:sand":235,"minecraft:spruce_sapling":3,"minecraft:white_bed":8,"minecraft:spruce_log":55,"minecraft:spider_eye":1,"alexsmobs:animal_dictionary":1,"tacz:modern_kinetic_gun":3,"minecraft:diamond":1,"minecraft:spruce_boat":2,"minecraft:granite":1,"minecraft:gray_wool":1,"minecraft:spruce_sign":19,"minecraft:bread":4,"alexsmobs:maggot":1,"tombstone:magic_scroll":2,"minecraft:oak_sapling":3,"minecraft:black_wool":1,"minecraft:hopper":1,"minecraft:diamond_pickaxe":1},"minecraft:dropped":{"minecraft:water_bucket":1,"minecraft:iron_ingot":21,"minecraft:bread":4,"minecraft:wheat_seeds":1,"minecraft:cobblestone":10,"minecraft:rail":53,"tombstone:magic_scroll":1,"minecraft:wooden_hoe":1,"tombstone:grave_dust":5,"tacz:modern_kinetic_gun":2,"minecraft:iron_pickaxe":2,"minecraft:spruce_sapling":3,"minecraft:bone":1,"minecraft:furnace":1,"minecraft:stone_sword":1,"minecraft:rotten_flesh":13,"minecraft:iron_hoe":1,"minecraft:carrot":1,"minecraft:poppy":93,"minecraft:oak_sapling":3,"tacz:ammo":60,"minecraft:spruce_slab":5,"minecraft:arrow":4,"tacz:attachment":1},"minecraft:mined":{"minecraft:white_bed":8,"minecraft:deepslate_diamond_ore":1,"minecraft:sculk_vein":2,"minecraft:spruce_trapdoor":1,"minecraft:granite":1,"minecraft:grass_block":703,"minecraft:spruce_leaves":1,"minecraft:hopper":1,"minecraft:spawner":2,"minecraft:hay_block":1,"minecraft:furnace":2,"minecraft:iron_ore":10,"minecraft:fire":25,"minecraft:andesite":2,"minecraft:deepslate_lapis_ore":3,"minecraft:bell":4,"minecraft:deepslate_iron_ore":4,"minecraft:dirt_path":278,"minecraft:rail":114,"minecraft:stone":86,"minecraft:tripwire":1,"minecraft:crafting_table":4,"minecraft:spruce_wall_sign":2,"minecraft:chest":4,"minecraft:sculk_sensor":1,"minecraft:glass":23,"minecraft:tall_grass":15,"minecraft:copper_ore":13,"minecraft:cobblestone":103,"minecraft:deepslate_gold_ore":9,"minecraft:oak_planks":18,"minecraft:sculk":4,"minecraft:diorite":8,"minecraft:spruce_sign":1,"minecraft:wall_torch":1,"minecraft:birch_log":2,"minecraft:wheat":59,"minecraft:spruce_log":24,"minecraft:grass":59,"minecraft:oak_log":6,"minecraft:gravel":5,"minecraft:sand":236,"minecraft:dirt":166,"minecraft:cobweb":20,"minecraft:stonecutter":1,"minecraft:oak_leaves":1,"minecraft:deepslate":41},"minecraft:crafted":{"minecraft:oak_planks":24,"minecraft:cobblestone_slab":50,"minecraft:stone_shovel":7,"minecraft:furnace":11,"minecraft:cobblestone_stairs":4,"minecraft:glass":235,"minecraft:hopper":2,"minecraft:iron_boots":1,"minecraft:iron_axe":1,"minecraft:iron_hoe":2,"minecraft:spruce_slab":12,"minecraft:stone_pickaxe":1,"minecraft:chest":6,"minecraft:spruce_boat":4,"minecraft:wheat":9,"minecraft:birch_sign":3,"minecraft:minecart":1,"minecraft:crafting_table":5,"minecraft:spruce_planks":188,"minecraft:iron_helmet":1,"minecraft:baked_potato":64,"minecraft:copper_ingot":43,"minecraft:birch_planks":8,"minecraft:hopper_minecart":1,"minecraft:bucket":12,"minecraft:stone_axe":1,"minecraft:bread":3,"minecraft:air":0,"minecraft:spruce_trapdoor":2,"minecraft:wooden_hoe":1,"minecraft:iron_chestplate":1,"minecraft:shield":1,"minecraft:stick":56,"minecraft:iron_ingot":45,"minecraft:iron_pickaxe":1,"minecraft:stone_sword":1,"minecraft:iron_shovel":4,"minecraft:iron_leggings":1,"minecraft:gold_ingot":6,"minecraft:white_bed":2,"minecraft:composter":1,"minecraft:torch":48},"minecraft:killed":{"minecraft:spider":3,"minecraft:phantom":3,"minecraft:skeleton":9,"alexsmobs:centipede_head":1,"minecraft:drowned":1,"minecraft:zombie_villager":1,"minecraft:iron_golem":4,"minecraft:creeper":3,"minecraft:sheep":2,"minecraft:trader_llama":1,"minecraft:zombie":33,"alexsmobs:fly":1},"minecraft:custom":{"minecraft:mob_kills":64,"minecraft:inspect_hopper":3,"minecraft:interact_with_crafting_table":44,"minecraft:bell_ring":300,"minecraft:leave_game":8,"minecraft:time_since_death":541527,"minecraft:sprint_one_cm":745052,"minecraft:walk_one_cm":1102615,"minecraft:damage_blocked_by_shield":1330,"minecraft:drop":39,"minecraft:talked_to_villager":8,"minecraft:play_time":547982,"minecraft:sneak_time":1251,"minecraft:deaths":1,"minecraft:walk_under_water_one_cm":11190,"minecraft:boat_one_cm":187371,"minecraft:jump":4371,"minecraft:interact_with_blast_furnace":2,"minecraft:walk_on_water_one_cm":24166,"minecraft:total_world_time":547982,"minecraft:interact_with_furnace":140,"tombstone:raider_killed":3,"minecraft:interact_with_stonecutter":1,"minecraft:sleep_in_bed":3,"minecraft:time_since_rest":205289,"minecraft:damage_taken":2718,"minecraft:damage_dealt":12842,"minecraft:swim_one_cm":35366,"minecraft:fly_one_cm":700008,"minecraft:open_chest":130,"minecraft:crouch_one_cm":4329,"tombstone:undead_killed":47,"minecraft:fall_one_cm":71186,"minecraft:inspect_dispenser":2,"minecraft:horse_one_cm":1397},"minecraft:broken":{"minecraft:iron_shovel":2,"minecraft:stone_shovel":7}},"DataVersion":3465}