{"stats":{"minecraft:used":{"minecraft:stone_sword":129,"minecraft:iron_shovel":2425,"minecraft:spruce_slab":2,"minecraft:stone_shovel":931,"minecraft:chest":15,"minecraft:spruce_planks":76,"minecraft:shield":38,"minecraft:iron_sword":237,"minecraft:bell":6,"minecraft:rotten_flesh":15,"minecraft:torch":63,"minecraft:dirt":876,"minecraft:hopper":19,"minecraft:cobblestone_wall":77,"minecraft:granite":1,"minecraft:glass":170,"minecraft:spruce_boat":32,"minecraft:iron_hoe":150,"alexsmobs:maggot":1,"minecraft:lava_bucket":12,"minecraft:iron_axe":225,"minecraft:hopper_minecart":2,"minecraft:furnace":26,"tombstone:gift":14,"minecraft:potato":112,"minecraft:cobbled_deepslate":46,"minecraft:wheat_seeds":96,"minecraft:water_bucket":37,"minecraft:diorite":4,"minecraft:cobblestone_stairs":4,"minecraft:stone_pickaxe":46,"minecraft:baked_potato":75,"minecraft:composter":6,"travelersbackpack:melon":1,"minecraft:spruce_sign":3,"minecraft:cobblestone_slab":9,"minecraft:stonecutter":4,"minecraft:birch_sign":1,"minecraft:rail":143,"minecraft:crafting_table":12,"minecraft:white_bed":17,"minecraft:wooden_hoe":53,"minecraft:bread":11,"minecraft:iron_pickaxe":3337,"minecraft:string":1,"minecraft:spruce_trapdoor":2,"minecraft:gravel":4,"minecraft:stone_axe":48,"minecraft:cobblestone":305,"minecraft:grindstone":1,"minecraft:cooked_porkchop":8,"minecraft:smithing_table":1,"minecraft:birch_log":1,"minecraft:andesite":7,"minecraft:bucket":67,"alexsmobs:animal_dictionary":1},"minecraft:picked_up":{"minecraft:crafting_table":8,"minecraft:wheat":21,"minecraft:allium":1,"minecraft:smithing_table":1,"minecraft:enchanted_book":5,"minecraft:amethyst_block":10,"minecraft:string":29,"minecraft:raw_copper":113,"tacz:ammo":150,"minecraft:iron_shovel":1,"minecraft:cobbled_deepslate":68,"minecraft:spruce_planks":64,"minecraft:cobblestone_slab":5,"minecraft:rose_bush":1,"minecraft:poppy":4,"minecraft:iron_pickaxe":1,"minecraft:spruce_slab":5,"minecraft:minecart":8,"minecraft:chest":10,"minecraft:birch_sapling":1,"minecraft:phantom_membrane":1,"minecraft:furnace":21,"minecraft:stick":12,"minecraft:raw_iron":36,"minecraft:copper_ingot":32,"minecraft:torch":17,"tacz:attachment":2,"tombstone:grave_dust":14,"minecraft:diorite":15,"minecraft:carrot":1,"minecraft:redstone":8,"minecraft:arrow":14,"minecraft:rotten_flesh":51,"minecraft:hay_block":1,"minecraft:red_tulip":2,"minecraft:pink_tulip":2,"minecraft:mutton":4,"minecraft:rail":113,"minecraft:white_wool":13,"minecraft:cobblestone":4544,"minecraft:birch_log":44,"travelersbackpack:melon":3,"minecraft:glow_ink_sac":1,"minecraft:water_bucket":1,"minecraft:andesite":12,"minecraft:potato":808,"minecraft:tuff":1,"minecraft:oak_log":12,"minecraft:cobblestone_wall":5,"minecraft:gunpowder":2,"minecraft:lapis_lazuli":48,"minecraft:dirt":2715,"tombstone:gift":5,"minecraft:grindstone":1,"minecraft:bone":14,"minecraft:stone_bricks":1,"minecraft:bow":1,"minecraft:stonecutter":5,"minecraft:wheat_seeds":129,"minecraft:raw_gold":9,"minecraft:bell":5,"minecraft:iron_ingot":41,"minecraft:cooked_chicken":1,"minecraft:oak_planks":27,"minecraft:gravel":12,"minecraft:sand":265,"minecraft:stripped_spruce_log":2,"minecraft:spruce_sapling":3,"minecraft:white_bed":15,"minecraft:spruce_log":161,"minecraft:spider_eye":1,"minecraft:barrel":3,"alexsmobs:animal_dictionary":1,"minecraft:bundle":1,"minecraft:diamond":1,"minecraft:spruce_boat":26,"tacz:modern_kinetic_gun":3,"minecraft:granite":1,"minecraft:gray_wool":1,"minecraft:spruce_sign":19,"minecraft:spruce_button":6,"minecraft:bread":4,"alexsmobs:maggot":1,"minecraft:baked_potato":2,"tombstone:magic_scroll":2,"minecraft:oak_sapling":3,"minecraft:black_wool":1,"minecraft:coal":69,"minecraft:hopper":21,"minecraft:diamond_pickaxe":1},"minecraft:dropped":{"minecraft:enchanted_book":1,"minecraft:water_bucket":1,"minecraft:spruce_sign":7,"minecraft:iron_ingot":21,"minecraft:bread":5,"minecraft:iron_sword":1,"minecraft:wheat_seeds":16,"minecraft:baked_potato":30,"minecraft:crafting_table":1,"minecraft:cobblestone":1564,"minecraft:spruce_button":6,"minecraft:rail":54,"minecraft:emerald":1,"minecraft:stick":5,"minecraft:dirt":1420,"minecraft:wooden_hoe":2,"minecraft:torch":2,"tombstone:magic_scroll":1,"travelersbackpack:melon":1,"tombstone:grave_dust":6,"tacz:modern_kinetic_gun":2,"minecraft:iron_axe":1,"minecraft:iron_pickaxe":3,"minecraft:iron_shovel":7,"minecraft:string":6,"minecraft:spruce_sapling":3,"minecraft:bone":5,"minecraft:furnace":1,"minecraft:stone_sword":1,"minecraft:cobblestone_wall":5,"minecraft:birch_sapling":1,"minecraft:raw_iron":9,"minecraft:rotten_flesh":21,"minecraft:iron_hoe":1,"minecraft:shears":1,"minecraft:carrot":1,"minecraft:poppy":184,"minecraft:cobblestone_slab":4,"minecraft:oak_sapling":3,"minecraft:stone_bricks":1,"tacz:ammo":60,"minecraft:spruce_slab":5,"minecraft:arrow":8,"tacz:attachment":1},"minecraft:mined":{"minecraft:spruce_planks":5,"minecraft:white_bed":15,"minecraft:deepslate_diamond_ore":1,"minecraft:sculk_vein":2,"minecraft:spruce_trapdoor":1,"minecraft:granite":1,"minecraft:grass_block":1259,"minecraft:spruce_leaves":4,"minecraft:hopper":16,"minecraft:spawner":2,"minecraft:hay_block":1,"minecraft:furnace":18,"minecraft:iron_ore":32,"minecraft:fire":25,"minecraft:barrel":3,"minecraft:andesite":2,"minecraft:stripped_spruce_log":2,"minecraft:deepslate_lapis_ore":3,"minecraft:bell":6,"minecraft:cobblestone_slab":5,"minecraft:dirt_path":302,"minecraft:deepslate_iron_ore":4,"minecraft:rail":115,"minecraft:stone":2821,"minecraft:spruce_slab":5,"minecraft:tripwire":1,"minecraft:smithing_table":1,"travelersbackpack:melon":1,"minecraft:crafting_table":8,"minecraft:torch":1,"minecraft:spruce_button":1,"minecraft:chest":9,"minecraft:sculk_sensor":1,"minecraft:copper_ore":13,"minecraft:spruce_wall_sign":2,"minecraft:tall_grass":16,"minecraft:glass":28,"minecraft:cobblestone":173,"minecraft:deepslate_gold_ore":9,"minecraft:grindstone":1,"minecraft:oak_planks":18,"minecraft:sculk":4,"minecraft:diorite":8,"minecraft:spruce_sign":1,"minecraft:wall_torch":1,"minecraft:cobblestone_wall":5,"minecraft:birch_log":45,"minecraft:wheat":59,"minecraft:spruce_log":130,"minecraft:grass":74,"minecraft:oak_log":12,"minecraft:coal_ore":72,"minecraft:gravel":5,"minecraft:dirt":1200,"minecraft:sand":266,"minecraft:cobweb":20,"minecraft:stonecutter":5,"minecraft:oak_leaves":1,"minecraft:deepslate":41},"minecraft:crafted":{"minecraft:oak_planks":48,"minecraft:cobblestone_slab":58,"minecraft:stone_shovel":7,"minecraft:furnace":11,"minecraft:stone":256,"minecraft:cobblestone_stairs":4,"minecraft:glass":242,"minecraft:hopper":2,"minecraft:iron_boots":1,"minecraft:iron_axe":1,"minecraft:iron_hoe":2,"minecraft:spruce_slab":48,"minecraft:stone_pickaxe":1,"minecraft:chest":8,"minecraft:spruce_boat":4,"minecraft:birch_sign":3,"minecraft:wheat":9,"minecraft:minecart":1,"minecraft:spruce_sign":3,"minecraft:crafting_table":6,"minecraft:spruce_planks":412,"minecraft:iron_helmet":1,"minecraft:baked_potato":192,"minecraft:copper_ingot":107,"minecraft:hopper_minecart":1,"minecraft:bucket":12,"minecraft:birch_planks":8,"minecraft:stone_axe":1,"minecraft:bread":3,"minecraft:air":0,"minecraft:spruce_trapdoor":2,"minecraft:wooden_hoe":2,"minecraft:iron_chestplate":1,"minecraft:shield":1,"minecraft:stick":148,"minecraft:iron_pickaxe":14,"minecraft:iron_ingot":45,"minecraft:stone_sword":1,"minecraft:iron_shovel":17,"minecraft:iron_leggings":1,"minecraft:gold_ingot":6,"minecraft:white_bed":3,"minecraft:composter":6,"minecraft:torch":48,"minecraft:shears":1},"minecraft:killed_by":{"minecraft:iron_golem":1},"minecraft:killed":{"minecraft:witch":1,"minecraft:spider":5,"minecraft:phantom":6,"minecraft:skeleton":12,"alexsmobs:centipede_head":1,"minecraft:drowned":1,"minecraft:zombie_villager":1,"minecraft:iron_golem":6,"minecraft:creeper":3,"minecraft:sheep":2,"minecraft:trader_llama":1,"minecraft:zombie":41,"alexsmobs:fly":5},"minecraft:custom":{"minecraft:interact_with_smithing_table":3,"minecraft:mob_kills":87,"minecraft:inspect_hopper":61,"minecraft:interact_with_crafting_table":69,"minecraft:bell_ring":463,"minecraft:leave_game":10,"minecraft:time_since_death":28520,"minecraft:climb_one_cm":3628,"minecraft:sprint_one_cm":1116876,"minecraft:walk_one_cm":1941533,"minecraft:damage_blocked_by_shield":1565,"minecraft:drop":142,"minecraft:talked_to_villager":13,"minecraft:play_time":960061,"minecraft:sneak_time":6566,"minecraft:deaths":2,"minecraft:walk_under_water_one_cm":34557,"minecraft:boat_one_cm":417067,"minecraft:jump":6759,"minecraft:interact_with_blast_furnace":2,"minecraft:walk_on_water_one_cm":57154,"minecraft:total_world_time":960061,"minecraft:interact_with_furnace":222,"tombstone:raider_killed":7,"minecraft:interact_with_stonecutter":7,"minecraft:sleep_in_bed":3,"minecraft:time_since_rest":28259,"minecraft:damage_taken":4313,"minecraft:damage_dealt":17671,"minecraft:swim_one_cm":42478,"minecraft:fly_one_cm":1143080,"minecraft:open_chest":251,"minecraft:crouch_one_cm":20590,"tombstone:undead_killed":61,"minecraft:inspect_dispenser":9,"minecraft:fall_one_cm":105089,"minecraft:horse_one_cm":1404},"minecraft:broken":{"minecraft:iron_shovel":9,"minecraft:iron_pickaxe":12,"minecraft:iron_helmet":1,"minecraft:stone_shovel":7}},"DataVersion":3465}