{"stats":{"minecraft:used":{"minecraft:iron_shovel":2859,"minecraft:spruce_slab":3,"minecraft:chest":49,"minecraft:shield":38,"minecraft:iron_sword":237,"minecraft:bell":6,"minecraft:rotten_flesh":15,"minecraft:spruce_boat":32,"minecraft:glass":172,"minecraft:lava_bucket":13,"minecraft:hopper_minecart":2,"minecraft:stone_bricks":28,"minecraft:furnace":33,"minecraft:potato":112,"minecraft:diorite":4,"minecraft:stone_pickaxe":46,"minecraft:composter":6,"travelersbackpack:melon":1,"minecraft:redstone_torch":2,"minecraft:lever":1,"minecraft:bread":11,"minecraft:string":1,"minecraft:gravel":4,"minecraft:grindstone":1,"minecraft:smithing_table":1,"minecraft:birch_log":32,"minecraft:andesite":7,"minecraft:oak_fence":36,"minecraft:stone_sword":129,"minecraft:stone_shovel":931,"minecraft:spruce_planks":540,"minecraft:torch":64,"minecraft:dirt":1271,"minecraft:hopper":44,"minecraft:spruce_stairs":65,"minecraft:cobblestone_wall":77,"minecraft:granite":1,"minecraft:iron_hoe":150,"minecraft:stone_brick_slab":39,"alexsmobs:maggot":1,"minecraft:iron_axe":497,"tombstone:gift":14,"minecraft:cobbled_deepslate":46,"minecraft:wheat_seeds":96,"minecraft:water_bucket":37,"minecraft:cobblestone_stairs":4,"minecraft:baked_potato":86,"minecraft:spruce_sign":14,"minecraft:stonecutter":5,"minecraft:cobblestone_slab":9,"minecraft:rail":143,"minecraft:crafting_table":17,"minecraft:birch_sign":1,"minecraft:white_bed":17,"minecraft:spruce_log":41,"minecraft:wooden_hoe":53,"minecraft:iron_pickaxe":3857,"minecraft:spruce_trapdoor":2,"minecraft:stone_axe":48,"minecraft:cobblestone":341,"minecraft:cooked_porkchop":8,"minecraft:bucket":68,"alexsmobs:animal_dictionary":1},"minecraft:picked_up":{"minecraft:wheat":21,"minecraft:smithing_table":1,"minecraft:enchanted_book":5,"minecraft:amethyst_block":10,"minecraft:string":29,"minecraft:raw_copper":187,"minecraft:cobbled_deepslate":68,"minecraft:spruce_planks":251,"minecraft:rose_bush":1,"minecraft:redstone_torch":6,"minecraft:cobblestone_slab":5,"minecraft:iron_pickaxe":1,"minecraft:furnace":24,"minecraft:stick":14,"minecraft:torch":26,"minecraft:spruce_stairs":65,"tacz:attachment":2,"tombstone:grave_dust":14,"minecraft:diorite":15,"minecraft:rotten_flesh":51,"minecraft:red_tulip":2,"minecraft:cobblestone":5256,"minecraft:birch_log":51,"minecraft:water_bucket":1,"minecraft:andesite":12,"minecraft:potato":1814,"minecraft:tuff":1,"minecraft:dirt":3181,"minecraft:lapis_lazuli":48,"minecraft:glass":34,"minecraft:bone":14,"minecraft:stonecutter":6,"minecraft:bow":1,"minecraft:wheat_seeds":129,"minecraft:bell":5,"minecraft:raw_gold":9,"minecraft:grindstone":1,"minecraft:oak_planks":27,"minecraft:sand":265,"minecraft:stripped_spruce_log":10,"alexsmobs:animal_dictionary":1,"minecraft:barrel":3,"minecraft:bundle":1,"minecraft:spruce_boat":26,"minecraft:diamond":1,"minecraft:lever":2,"minecraft:granite":1,"minecraft:spruce_sign":30,"minecraft:spruce_button":6,"minecraft:bread":4,"alexsmobs:maggot":3,"minecraft:oak_sapling":3,"minecraft:diamond_pickaxe":1,"minecraft:crafting_table":15,"minecraft:allium":1,"tacz:ammo":150,"minecraft:iron_shovel":1,"minecraft:poppy":8,"minecraft:spruce_slab":10,"minecraft:minecart":8,"minecraft:chest":26,"minecraft:birch_sapling":1,"minecraft:phantom_membrane":1,"minecraft:raw_iron":36,"minecraft:copper_ingot":32,"minecraft:carrot":1,"minecraft:redstone":68,"minecraft:arrow":14,"minecraft:hay_block":1,"minecraft:pink_tulip":2,"minecraft:mutton":4,"minecraft:rail":113,"minecraft:white_wool":13,"travelersbackpack:melon":4,"minecraft:glow_ink_sac":1,"minecraft:oak_log":48,"minecraft:gunpowder":4,"minecraft:cobblestone_wall":5,"tombstone:gift":5,"minecraft:stone_bricks":1,"minecraft:iron_ingot":120,"minecraft:cooked_chicken":1,"minecraft:stone_brick_slab":10,"minecraft:gravel":12,"minecraft:spruce_sapling":3,"minecraft:white_bed":15,"minecraft:spruce_log":330,"minecraft:spider_eye":1,"tacz:modern_kinetic_gun":3,"minecraft:gray_wool":1,"minecraft:baked_potato":67,"tombstone:magic_scroll":2,"minecraft:black_wool":1,"minecraft:coal":69,"minecraft:hopper":37},"minecraft:dropped":{"minecraft:spruce_sign":16,"minecraft:iron_sword":1,"minecraft:baked_potato":94,"minecraft:crafting_table":3,"minecraft:rail":54,"minecraft:emerald":1,"minecraft:dirt":1518,"minecraft:iron_pickaxe":3,"minecraft:bone":5,"minecraft:lever":1,"minecraft:birch_sapling":1,"minecraft:rotten_flesh":21,"minecraft:carrot":1,"minecraft:poppy":188,"minecraft:hopper":4,"minecraft:chest":1,"minecraft:spruce_slab":10,"minecraft:arrow":8,"minecraft:glass":34,"tacz:attachment":1,"minecraft:water_bucket":1,"minecraft:enchanted_book":1,"minecraft:iron_ingot":85,"minecraft:bread":5,"minecraft:wheat_seeds":16,"minecraft:cobblestone":1806,"minecraft:spruce_button":6,"minecraft:spruce_stairs":34,"minecraft:stick":7,"tombstone:magic_scroll":1,"minecraft:torch":6,"minecraft:wooden_hoe":2,"travelersbackpack:melon":1,"tombstone:grave_dust":6,"minecraft:iron_leggings":1,"tacz:modern_kinetic_gun":2,"minecraft:iron_axe":2,"minecraft:iron_shovel":8,"minecraft:string":6,"minecraft:spruce_sapling":3,"minecraft:redstone":60,"minecraft:furnace":1,"minecraft:stone_sword":1,"minecraft:cobblestone_wall":5,"minecraft:raw_copper":25,"minecraft:raw_iron":9,"minecraft:iron_boots":1,"minecraft:iron_hoe":1,"minecraft:shears":1,"minecraft:cobblestone_slab":4,"minecraft:spruce_planks":126,"minecraft:iron_chestplate":1,"minecraft:oak_sapling":3,"minecraft:redstone_torch":4,"minecraft:stone_bricks":1,"tacz:ammo":60,"minecraft:spruce_log":128},"minecraft:mined":{"minecraft:spruce_planks":68,"minecraft:white_bed":15,"minecraft:sculk_vein":2,"minecraft:spruce_trapdoor":1,"minecraft:granite":1,"minecraft:grass_block":1365,"minecraft:hopper":28,"minecraft:spawner":2,"minecraft:iron_ore":32,"minecraft:fire":25,"minecraft:barrel":3,"minecraft:deepslate_lapis_ore":3,"minecraft:dirt_path":302,"minecraft:spruce_slab":5,"minecraft:tripwire":1,"travelersbackpack:melon":2,"minecraft:torch":2,"minecraft:chest":24,"minecraft:spruce_wall_sign":3,"minecraft:glass":29,"minecraft:cobblestone":179,"minecraft:grindstone":1,"minecraft:sugar_cane":1,"minecraft:oak_planks":18,"minecraft:wall_torch":1,"minecraft:spruce_sign":1,"minecraft:birch_log":53,"minecraft:wheat":59,"minecraft:grass":74,"minecraft:oak_log":49,"minecraft:sand":266,"minecraft:dirt":1558,"minecraft:stonecutter":6,"minecraft:oak_leaves":3,"minecraft:deepslate":41,"minecraft:deepslate_diamond_ore":1,"minecraft:spruce_leaves":4,"minecraft:hay_block":1,"minecraft:furnace":21,"minecraft:andesite":2,"minecraft:stripped_spruce_log":10,"minecraft:bell":6,"minecraft:deepslate_iron_ore":4,"minecraft:cobblestone_slab":5,"minecraft:rail":115,"minecraft:stone":3294,"minecraft:redstone_wall_torch":1,"minecraft:smithing_table":1,"minecraft:stone_brick_slab":11,"minecraft:crafting_table":13,"minecraft:spruce_button":1,"minecraft:sculk_sensor":1,"minecraft:tall_grass":16,"minecraft:copper_ore":26,"minecraft:deepslate_gold_ore":9,"minecraft:sculk":4,"minecraft:diorite":8,"minecraft:spruce_stairs":30,"minecraft:cobblestone_wall":5,"minecraft:redstone_torch":1,"minecraft:spruce_log":139,"minecraft:coal_ore":72,"minecraft:gravel":5,"minecraft:cobweb":20},"minecraft:crafted":{"minecraft:oak_planks":192,"minecraft:cobblestone_slab":58,"minecraft:cobblestone_stairs":4,"minecraft:stone":256,"minecraft:lever":1,"minecraft:hopper":19,"minecraft:glass":242,"minecraft:stone_brick_slab":42,"minecraft:iron_boots":2,"minecraft:chest":47,"minecraft:oak_fence":39,"minecraft:crafting_table":9,"minecraft:spruce_planks":1172,"minecraft:baked_potato":192,"minecraft:iron_helmet":2,"minecraft:copper_ingot":107,"minecraft:hopper_minecart":1,"minecraft:birch_planks":8,"minecraft:spruce_trapdoor":2,"minecraft:wooden_hoe":2,"minecraft:iron_chestplate":2,"minecraft:shield":1,"minecraft:stick":196,"minecraft:iron_ingot":45,"minecraft:iron_pickaxe":16,"minecraft:stone_sword":1,"minecraft:gold_ingot":6,"minecraft:redstone_torch":4,"minecraft:composter":6,"minecraft:shears":1,"minecraft:stone_shovel":7,"minecraft:furnace":16,"minecraft:spruce_stairs":44,"minecraft:iron_axe":3,"minecraft:spruce_slab":54,"minecraft:iron_hoe":2,"minecraft:stone_pickaxe":1,"minecraft:spruce_boat":4,"minecraft:birch_sign":3,"minecraft:minecart":1,"minecraft:wheat":9,"minecraft:spruce_sign":21,"minecraft:iron_sword":1,"minecraft:bucket":12,"minecraft:stone_axe":1,"minecraft:bread":3,"minecraft:air":0,"minecraft:iron_shovel":18,"minecraft:iron_leggings":2,"minecraft:white_bed":3,"minecraft:torch":48},"minecraft:killed_by":{"minecraft:iron_golem":2},"minecraft:killed":{"minecraft:witch":1,"minecraft:spider":5,"minecraft:skeleton":12,"alexsmobs:centipede_head":1,"minecraft:zombie_villager":1,"minecraft:iron_golem":8,"minecraft:creeper":4,"minecraft:sheep":2,"minecraft:trader_llama":1,"minecraft:zombie":41,"alexsmobs:fly":5,"minecraft:phantom":6,"minecraft:drowned":1},"minecraft:custom":{"minecraft:interact_with_crafting_table":98,"minecraft:bell_ring":463,"minecraft:leave_game":11,"minecraft:time_since_death":113974,"minecraft:sprint_one_cm":1222986,"minecraft:damage_blocked_by_shield":1565,"minecraft:drop":179,"minecraft:talked_to_villager":13,"minecraft:play_time":1091602,"minecraft:deaths":4,"minecraft:jump":7781,"minecraft:walk_on_water_one_cm":57713,"minecraft:interact_with_furnace":248,"minecraft:sleep_in_bed":3,"minecraft:damage_dealt":19890,"minecraft:crouch_one_cm":92449,"tombstone:undead_killed":61,"minecraft:inspect_dispenser":9,"minecraft:horse_one_cm":1404,"minecraft:interact_with_smithing_table":3,"minecraft:mob_kills":90,"minecraft:inspect_hopper":89,"minecraft:climb_one_cm":4037,"minecraft:walk_one_cm":2213775,"minecraft:sneak_time":28898,"minecraft:walk_under_water_one_cm":34557,"minecraft:boat_one_cm":431277,"minecraft:interact_with_blast_furnace":2,"minecraft:total_world_time":1091602,"tombstone:raider_killed":7,"minecraft:interact_with_stonecutter":12,"minecraft:time_since_rest":113694,"minecraft:damage_taken":5445,"minecraft:swim_one_cm":44252,"minecraft:fly_one_cm":1244199,"minecraft:open_chest":382,"minecraft:fall_one_cm":125230},"minecraft:broken":{"minecraft:iron_shovel":9,"minecraft:stone_shovel":7,"minecraft:iron_pickaxe":14,"minecraft:iron_helmet":1}},"DataVersion":3465}