{"stats":{"minecraft:used":{"minecraft:cooked_mutton":4,"minecraft:stone_sword":44,"minecraft:iron_shovel":237,"minecraft:stone_shovel":277,"minecraft:stone_pickaxe":266,"minecraft:baked_potato":2,"minecraft:wooden_pickaxe":22,"minecraft:iron_sword":42,"minecraft:torch":13,"minecraft:dirt":40,"minecraft:crafting_table":3,"minecraft:iron_pickaxe":237,"minecraft:wooden_sword":2,"minecraft:cobblestone":89,"minecraft:furnace":2,"tombstone:gift":2,"alexsmobs:animal_dictionary":1},"minecraft:picked_up":{"minecraft:birch_log":6,"minecraft:allium":1,"minecraft:feather":1,"minecraft:chicken":2,"minecraft:andesite":17,"minecraft:wooden_pickaxe":1,"minecraft:enchanted_book":1,"minecraft:tuff":32,"minecraft:oak_log":6,"minecraft:dirt":520,"minecraft:lapis_lazuli":4,"minecraft:string":1,"tombstone:gift":1,"minecraft:raw_copper":43,"tacz:ammo":360,"minecraft:orange_tulip":1,"minecraft:wheat_seeds":6,"minecraft:cobbled_deepslate":161,"minecraft:white_tulip":2,"minecraft:iron_pickaxe":1,"minecraft:raw_iron":49,"minecraft:torch":20,"minecraft:gravel":1,"minecraft:spruce_sapling":1,"minecraft:diorite":35,"minecraft:rotten_flesh":3,"tacz:modern_kinetic_gun":3,"minecraft:granite":11,"tombstone:magic_scroll":1,"minecraft:oak_sapling":1,"minecraft:mutton":4,"minecraft:coal":38,"minecraft:white_wool":3,"minecraft:cobblestone":154,"minecraft:oxeye_daisy":2},"minecraft:dropped":{"minecraft:white_tulip":1,"minecraft:stone_sword":1,"minecraft:rotten_flesh":3,"minecraft:dirt":64,"tacz:modern_kinetic_gun":1,"minecraft:wooden_sword":1,"minecraft:wooden_pickaxe":1,"minecraft:iron_pickaxe":3,"minecraft:spruce_sapling":1},"minecraft:mined":{"minecraft:podzol":152,"minecraft:tuff":33,"minecraft:torch":1,"minecraft:glow_lichen":2,"minecraft:granite":12,"minecraft:allium":2,"minecraft:grass_block":157,"minecraft:tall_grass":4,"minecraft:copper_ore":8,"minecraft:lapis_ore":1,"minecraft:diorite":30,"minecraft:oxeye_daisy":2,"minecraft:wall_torch":2,"minecraft:birch_log":7,"minecraft:iron_ore":43,"minecraft:andesite":12,"minecraft:orange_tulip":1,"minecraft:grass":26,"minecraft:oak_log":4,"minecraft:coal_ore":38,"minecraft:deepslate_iron_ore":6,"minecraft:dirt_path":55,"minecraft:gravel":1,"minecraft:dirt":143,"minecraft:white_tulip":1,"minecraft:stone":162,"minecraft:deepslate":165},"minecraft:crafted":{"minecraft:wooden_sword":1,"minecraft:oak_planks":12,"minecraft:stone_shovel":2,"minecraft:crafting_table":3,"minecraft:iron_helmet":1,"minecraft:iron_sword":1,"minecraft:furnace":2,"minecraft:oak_wood":2,"minecraft:birch_planks":20,"minecraft:cooked_mutton":4,"minecraft:iron_boots":1,"minecraft:iron_chestplate":1,"minecraft:charcoal":8,"minecraft:shield":1,"minecraft:stick":32,"minecraft:iron_ingot":46,"minecraft:iron_pickaxe":4,"minecraft:stone_pickaxe":2,"minecraft:stone_sword":1,"minecraft:iron_shovel":1,"minecraft:iron_leggings":1},"minecraft:killed_by":{"minecraft:spider":1},"minecraft:killed":{"minecraft:spider":2,"minecraft:sheep":3,"minecraft:skeleton":3,"minecraft:zombie":6,"minecraft:chicken":2,"minecraft:drowned":1},"minecraft:custom":{"minecraft:interact_with_furnace":30,"minecraft:mob_kills":17,"tombstone:raider_killed":1,"minecraft:interact_with_crafting_table":24,"minecraft:leave_game":5,"minecraft:time_since_death":82854,"minecraft:climb_one_cm":13088,"minecraft:time_since_rest":81206,"minecraft:sprint_one_cm":4053,"minecraft:damage_taken":1469,"minecraft:walk_one_cm":1006998,"minecraft:drop":11,"minecraft:damage_dealt":1820,"minecraft:fly_one_cm":3855,"minecraft:open_chest":35,"minecraft:play_time":194943,"minecraft:crouch_one_cm":5333,"tombstone:undead_killed":10,"minecraft:deaths":3,"minecraft:sneak_time":743,"minecraft:walk_under_water_one_cm":4375,"minecraft:jump":1168,"minecraft:walk_on_water_one_cm":10906,"minecraft:total_world_time":194943,"minecraft:fall_one_cm":14661},"minecraft:broken":{"minecraft:stone_pickaxe":2,"minecraft:stone_shovel":2}},"DataVersion":3465}