{"stats":{"minecraft:killed_by":{"minecraft:spider":1},"minecraft:dropped":{"minecraft:white_tulip":1,"minecraft:stone_sword":1,"minecraft:wooden_sword":1,"minecraft:wooden_pickaxe":1,"minecraft:iron_pickaxe":2,"minecraft:spruce_sapling":1},"minecraft:mined":{"minecraft:tuff":33,"minecraft:torch":1,"minecraft:glow_lichen":2,"minecraft:granite":12,"minecraft:allium":2,"minecraft:grass_block":86,"minecraft:tall_grass":4,"minecraft:copper_ore":8,"minecraft:lapis_ore":1,"minecraft:diorite":30,"minecraft:oxeye_daisy":2,"minecraft:wall_torch":2,"minecraft:birch_log":7,"minecraft:iron_ore":43,"minecraft:andesite":12,"minecraft:orange_tulip":1,"minecraft:grass":26,"minecraft:oak_log":4,"minecraft:coal_ore":38,"minecraft:deepslate_iron_ore":6,"minecraft:gravel":1,"minecraft:dirt":2,"minecraft:stone":162,"minecraft:white_tulip":1,"minecraft:deepslate":165},"minecraft:used":{"minecraft:cooked_mutton":3,"minecraft:stone_sword":44,"minecraft:stone_shovel":94,"minecraft:stone_pickaxe":266,"minecraft:wooden_pickaxe":22,"minecraft:iron_sword":10,"minecraft:torch":10,"minecraft:crafting_table":2,"minecraft:iron_pickaxe":237,"minecraft:wooden_sword":2,"minecraft:cobblestone":89,"minecraft:furnace":2,"alexsmobs:animal_dictionary":1},"minecraft:crafted":{"minecraft:wooden_sword":1,"minecraft:oak_planks":12,"minecraft:stone_shovel":1,"minecraft:crafting_table":2,"minecraft:iron_helmet":1,"minecraft:iron_sword":1,"minecraft:furnace":2,"minecraft:oak_wood":2,"minecraft:birch_planks":20,"minecraft:cooked_mutton":4,"minecraft:iron_chestplate":1,"minecraft:charcoal":8,"minecraft:shield":1,"minecraft:stick":20,"minecraft:iron_ingot":46,"minecraft:iron_pickaxe":4,"minecraft:stone_pickaxe":2,"minecraft:stone_sword":1},"minecraft:killed":{"minecraft:sheep":3,"minecraft:skeleton":1,"minecraft:zombie":1,"minecraft:chicken":2},"minecraft:custom":{"minecraft:interact_with_furnace":23,"minecraft:mob_kills":7,"minecraft:interact_with_crafting_table":18,"minecraft:leave_game":5,"minecraft:time_since_death":17257,"minecraft:climb_one_cm":13088,"minecraft:time_since_rest":15609,"minecraft:sprint_one_cm":2914,"minecraft:damage_taken":1270,"minecraft:walk_one_cm":715350,"minecraft:drop":7,"minecraft:damage_dealt":1044,"minecraft:fly_one_cm":2860,"minecraft:open_chest":5,"minecraft:crouch_one_cm":5157,"minecraft:play_time":129346,"tombstone:undead_killed":2,"minecraft:deaths":3,"minecraft:sneak_time":725,"minecraft:walk_under_water_one_cm":4375,"minecraft:jump":974,"minecraft:walk_on_water_one_cm":10906,"minecraft:total_world_time":129346,"minecraft:fall_one_cm":11861},"minecraft:picked_up":{"minecraft:birch_log":6,"minecraft:allium":1,"minecraft:feather":1,"minecraft:chicken":2,"minecraft:andesite":17,"minecraft:wooden_pickaxe":1,"minecraft:tuff":32,"minecraft:oak_log":6,"minecraft:lapis_lazuli":4,"minecraft:dirt":90,"minecraft:raw_copper":43,"minecraft:orange_tulip":1,"minecraft:wheat_seeds":3,"minecraft:cobbled_deepslate":161,"minecraft:white_tulip":2,"minecraft:raw_iron":49,"minecraft:torch":20,"minecraft:gravel":1,"minecraft:spruce_sapling":1,"minecraft:diorite":35,"minecraft:rotten_flesh":1,"minecraft:granite":11,"tombstone:magic_scroll":1,"minecraft:oak_sapling":1,"minecraft:mutton":4,"minecraft:coal":38,"minecraft:white_wool":3,"minecraft:cobblestone":154,"minecraft:oxeye_daisy":2},"minecraft:broken":{"minecraft:stone_pickaxe":2}},"DataVersion":3465}