{"stats":{"minecraft:used":{"minecraft:iron_shovel":292,"minecraft:dispenser":3,"minecraft:spruce_slab":22,"minecraft:chest":10,"minecraft:zombie_spawn_egg":2,"minecraft:bell":3,"minecraft:rotten_flesh":18,"minecraft:carrot":1,"minecraft:stripped_spruce_log":3,"minecraft:spruce_boat":4,"minecraft:glass":16,"minecraft:lantern":11,"minecraft:birch_sapling":2,"minecraft:stone_bricks":2,"minecraft:bow":7,"minecraft:furnace":7,"minecraft:oak_sapling":10,"minecraft:potato":286,"minecraft:diorite":13,"minecraft:spruce_door":5,"minecraft:powered_rail":3,"minecraft:stone_pickaxe":578,"minecraft:oak_planks":2,"minecraft:wooden_pickaxe":19,"minecraft:composter":2,"minecraft:bread":25,"minecraft:andesite":7,"minecraft:bone_meal":33,"minecraft:stone_shovel":502,"tacz:gun_smith_table":1,"minecraft:spruce_planks":213,"minecraft:wooden_shovel":26,"minecraft:stone_hoe":467,"minecraft:cooked_chicken":6,"minecraft:torch":52,"minecraft:dirt":568,"minecraft:spruce_stairs":81,"minecraft:spruce_fence":36,"minecraft:granite":5,"minecraft:iron_hoe":34,"minecraft:wooden_axe":39,"minecraft:iron_axe":544,"minecraft:minecart":1,"tombstone:gift":5,"minecraft:pumpkin":1,"minecraft:wheat_seeds":238,"minecraft:cooked_mutton":4,"minecraft:water_bucket":20,"minecraft:cobblestone_stairs":96,"minecraft:baked_potato":25,"minecraft:cauldron":2,"minecraft:stonecutter":2,"minecraft:cobblestone_slab":13,"minecraft:spruce_fence_gate":20,"minecraft:rail":13,"minecraft:crafting_table":10,"minecraft:white_bed":24,"minecraft:campfire":2,"minecraft:spruce_log":195,"tombstone:bag_of_seeds":6,"minecraft:wooden_hoe":61,"minecraft:oak_button":1,"minecraft:iron_pickaxe":986,"minecraft:spruce_trapdoor":39,"minecraft:spruce_sapling":46,"minecraft:stone_axe":603,"minecraft:fishing_rod":13,"minecraft:cobblestone":281,"minecraft:purple_bed":1,"minecraft:cooked_porkchop":6,"minecraft:bucket":20,"alexsmobs:animal_dictionary":6},"minecraft:picked_up":{"minecraft:wheat":120,"minecraft:lead":4,"minecraft:string":23,"minecraft:raw_copper":217,"minecraft:pufferfish":1,"minecraft:cobbled_deepslate":58,"minecraft:bucket":2,"minecraft:spruce_planks":58,"minecraft:white_tulip":1,"minecraft:rose_bush":3,"minecraft:cobblestone_slab":1,"minecraft:iron_pickaxe":3,"minecraft:furnace":4,"minecraft:stick":37,"minecraft:composter":1,"minecraft:torch":44,"minecraft:spruce_stairs":26,"minecraft:porkchop":4,"tacz:attachment":1,"minecraft:diorite":39,"tombstone:grave_dust":16,"minecraft:cauldron":1,"minecraft:zombie_spawn_egg":1,"minecraft:rotten_flesh":91,"minecraft:red_tulip":4,"minecraft:cod":3,"minecraft:cobblestone":1038,"minecraft:andesite":47,"minecraft:potato":758,"minecraft:flint":1,"minecraft:dirt":857,"minecraft:lapis_lazuli":30,"minecraft:lantern":2,"minecraft:leather_boots":1,"minecraft:bone":21,"minecraft:stonecutter":1,"minecraft:bow":4,"minecraft:wheat_seeds":402,"minecraft:bell":3,"minecraft:oak_planks":2,"minecraft:poisonous_potato":5,"minecraft:sand":30,"minecraft:stripped_spruce_log":9,"minecraft:grass_block":1,"minecraft:lily_of_the_valley":2,"minecraft:spruce_fence_gate":2,"minecraft:dispenser":2,"minecraft:spruce_boat":3,"minecraft:granite":83,"minecraft:emerald":2,"alexsmobs:maggot":2,"minecraft:oak_sapling":10,"minecraft:netherrack":1,"minecraft:cocoa_beans":3,"minecraft:charcoal":2,"minecraft:crafting_table":5,"minecraft:chicken":1,"minecraft:wooden_pickaxe":1,"minecraft:gold_block":1,"minecraft:wooden_sword":1,"tacz:ammo":559,"minecraft:poppy":6,"minecraft:spruce_slab":8,"minecraft:minecart":1,"minecraft:chest":4,"minecraft:birch_sapling":2,"minecraft:phantom_membrane":1,"minecraft:spruce_trapdoor":6,"minecraft:raw_iron":44,"minecraft:spruce_fence":4,"minecraft:carrot":1,"minecraft:redstone":37,"minecraft:arrow":21,"minecraft:pink_tulip":5,"minecraft:gold_ingot":12,"minecraft:mutton":4,"minecraft:white_wool":18,"minecraft:rail":49,"minecraft:salmon":3,"minecraft:oak_log":43,"minecraft:gunpowder":17,"minecraft:cobblestone_stairs":13,"minecraft:apple":1,"minecraft:iron_ingot":11,"tombstone:bag_of_seeds":4,"minecraft:sculk_catalyst":1,"minecraft:pumpkin":2,"minecraft:sweet_berries":32,"minecraft:dandelion":7,"minecraft:torchflower_seeds":2,"minecraft:gravel":33,"minecraft:spruce_sapling":46,"minecraft:white_bed":17,"minecraft:spruce_log":453,"minecraft:spruce_door":2,"minecraft:spider_eye":7,"minecraft:purple_bed":1,"tacz:modern_kinetic_gun":2,"tombstone:magic_scroll":1,"minecraft:coal":80,"minecraft:hopper":1,"minecraft:ender_pearl":2},"minecraft:dropped":{"minecraft:iron_pickaxe":1,"minecraft:gravel":13,"minecraft:rotten_flesh":54,"minecraft:gunpowder":6,"minecraft:stone_hoe":1,"minecraft:iron_ingot":16,"minecraft:bread":3,"minecraft:stripped_spruce_log":1,"minecraft:wheat_seeds":97,"tacz:modern_kinetic_gun":1,"minecraft:string":4,"minecraft:bucket":1,"minecraft:zombie_spawn_egg":1,"minecraft:stone_shovel":1,"minecraft:potato":356,"minecraft:bow":1,"minecraft:stone_pickaxe":1},"minecraft:mined":{"minecraft:spruce_planks":63,"minecraft:white_bed":17,"minecraft:farmland":1,"minecraft:cobblestone_stairs":13,"minecraft:sculk_vein":1,"minecraft:spruce_trapdoor":6,"minecraft:granite":82,"minecraft:grass_block":393,"minecraft:composter":1,"minecraft:iron_ore":40,"minecraft:pumpkin":2,"minecraft:red_tulip":4,"minecraft:dirt_path":37,"minecraft:pink_tulip":3,"minecraft:spruce_slab":10,"minecraft:torch":10,"minecraft:poppy":5,"minecraft:chest":4,"minecraft:glass":2,"minecraft:cobblestone":66,"minecraft:oak_planks":2,"minecraft:wall_torch":17,"minecraft:cauldron":1,"minecraft:wheat":193,"minecraft:grass":117,"minecraft:oak_log":45,"minecraft:sand":30,"minecraft:dirt":288,"minecraft:dispenser":2,"minecraft:netherrack":1,"minecraft:oak_leaves":118,"minecraft:deepslate":61,"minecraft:glow_lichen":1,"minecraft:spruce_fence":4,"minecraft:spruce_leaves":87,"minecraft:large_fern":3,"minecraft:redstone_ore":8,"minecraft:spruce_sapling":3,"minecraft:furnace":4,"minecraft:andesite":54,"minecraft:stripped_spruce_log":8,"minecraft:gold_block":1,"minecraft:bell":3,"minecraft:potatoes":223,"minecraft:deepslate_iron_ore":4,"minecraft:cobblestone_slab":1,"minecraft:rail":30,"minecraft:lantern":2,"minecraft:stone":967,"minecraft:white_tulip":1,"minecraft:podzol":2,"minecraft:lily_of_the_valley":2,"minecraft:spruce_door":2,"minecraft:dandelion":4,"minecraft:crafting_table":5,"minecraft:emerald_ore":2,"minecraft:rose_bush":3,"minecraft:campfire":1,"minecraft:tall_grass":24,"minecraft:copper_ore":63,"minecraft:lapis_ore":5,"minecraft:sculk":8,"minecraft:diorite":44,"minecraft:spruce_stairs":26,"minecraft:purple_bed":1,"minecraft:sweet_berry_bush":13,"minecraft:spruce_log":459,"minecraft:birch_leaves":1,"minecraft:coal_ore":67,"minecraft:gravel":35,"minecraft:spruce_fence_gate":1,"minecraft:infested_stone":2,"minecraft:fern":2},"minecraft:crafted":{"minecraft:oak_planks":112,"minecraft:cooked_chicken":3,"minecraft:stone":5,"minecraft:cobblestone_stairs":4,"minecraft:cooked_mutton":4,"minecraft:glass":79,"minecraft:bow":1,"minecraft:iron_boots":1,"minecraft:chest":6,"minecraft:oak_button":1,"minecraft:stone_hoe":1,"minecraft:stone_bricks":2,"minecraft:wooden_shovel":1,"minecraft:emerald":1,"minecraft:cauldron":1,"minecraft:cooked_porkchop":4,"minecraft:crafting_table":4,"minecraft:spruce_planks":616,"minecraft:wooden_pickaxe":1,"minecraft:baked_potato":24,"minecraft:iron_helmet":1,"minecraft:spruce_door":3,"minecraft:copper_ingot":80,"minecraft:campfire":2,"minecraft:dispenser":1,"minecraft:spruce_trapdoor":50,"minecraft:wooden_hoe":1,"minecraft:iron_chestplate":1,"minecraft:charcoal":56,"minecraft:stick":140,"minecraft:iron_ingot":8,"minecraft:iron_pickaxe":3,"minecraft:iron_block":1,"minecraft:gold_ingot":9,"minecraft:composter":1,"minecraft:spruce_fence_gate":18,"minecraft:shears":1,"minecraft:stone_shovel":4,"minecraft:fishing_rod":1,"minecraft:iron_nugget":144,"minecraft:furnace":2,"minecraft:bone_meal":33,"minecraft:spruce_fence":42,"minecraft:lantern":9,"minecraft:spruce_stairs":60,"minecraft:iron_axe":3,"minecraft:iron_hoe":1,"minecraft:spruce_slab":24,"minecraft:stone_pickaxe":5,"minecraft:minecart":3,"minecraft:powered_rail":6,"tacz:gun_smith_table":1,"minecraft:stone_axe":5,"minecraft:bread":32,"minecraft:air":0,"minecraft:wooden_axe":1,"minecraft:iron_shovel":2,"minecraft:iron_leggings":1,"minecraft:stonecutter":1,"minecraft:white_bed":3,"minecraft:torch":24},"minecraft:killed_by":{"minecraft:creeper":3,"minecraft:drowned":1,"minecraft:witch":1,"minecraft:zombie":5,"alexsmobs:grizzly_bear":1,"minecraft:spider":1,"minecraft:enderman":1,"minecraft:warden":2,"minecraft:skeleton":3,"minecraft:phantom":1},"minecraft:killed":{"minecraft:spider":21,"minecraft:skeleton":21,"minecraft:chicken":1,"minecraft:pig":2,"minecraft:creeper":19,"minecraft:sheep":3,"minecraft:zombie":60,"alexsmobs:fly":3,"minecraft:phantom":3,"minecraft:drowned":1,"minecraft:warden":1,"minecraft:wandering_trader":1,"alexsmobs:crow":1,"minecraft:villager":1,"minecraft:enderman":3},"minecraft:custom":{"minecraft:animals_bred":7,"minecraft:interact_with_crafting_table":143,"minecraft:open_barrel":2,"minecraft:bell_ring":95,"minecraft:leave_game":20,"minecraft:time_since_death":1596,"minecraft:sprint_one_cm":2173255,"minecraft:drop":360,"minecraft:talked_to_villager":18,"minecraft:play_time":786726,"minecraft:deaths":26,"minecraft:jump":3924,"minecraft:walk_on_water_one_cm":47323,"minecraft:interact_with_furnace":101,"minecraft:traded_with_villager":1,"minecraft:damage_dealt":12232,"minecraft:crouch_one_cm":44693,"tombstone:undead_killed":85,"tombstone:villager_killed":2,"minecraft:inspect_dispenser":9,"minecraft:horse_one_cm":1560,"minecraft:mob_kills":144,"minecraft:climb_one_cm":25293,"minecraft:walk_one_cm":2505575,"minecraft:sneak_time":13254,"minecraft:walk_under_water_one_cm":21220,"minecraft:boat_one_cm":39512,"minecraft:total_world_time":786726,"tombstone:raider_killed":15,"minecraft:interact_with_grindstone":1,"minecraft:interact_with_stonecutter":10,"minecraft:time_since_rest":1,"minecraft:damage_taken":9563,"minecraft:swim_one_cm":33368,"minecraft:fly_one_cm":284645,"minecraft:open_chest":271,"minecraft:fish_caught":7,"minecraft:fall_one_cm":74874},"minecraft:broken":{"minecraft:iron_shovel":1,"minecraft:stone_pickaxe":4,"minecraft:stone_axe":5,"minecraft:stone_shovel":3,"minecraft:iron_axe":2,"minecraft:leather_boots":1,"minecraft:iron_pickaxe":3,"minecraft:wooden_hoe":1}},"DataVersion":3465}