{"stats":{"minecraft:used":{"minecraft:iron_shovel":258,"minecraft:spruce_slab":22,"minecraft:stone_shovel":502,"minecraft:dispenser":3,"minecraft:chest":6,"tacz:gun_smith_table":1,"minecraft:spruce_planks":213,"minecraft:zombie_spawn_egg":2,"minecraft:wooden_shovel":26,"minecraft:bell":3,"minecraft:cooked_chicken":6,"minecraft:stone_hoe":467,"minecraft:rotten_flesh":18,"minecraft:torch":33,"minecraft:dirt":558,"minecraft:spruce_stairs":81,"minecraft:carrot":1,"minecraft:granite":5,"minecraft:spruce_fence":36,"minecraft:stripped_spruce_log":3,"minecraft:glass":16,"minecraft:spruce_boat":4,"minecraft:iron_hoe":34,"minecraft:wooden_axe":39,"minecraft:lantern":11,"minecraft:iron_axe":517,"minecraft:birch_sapling":2,"minecraft:stone_bricks":2,"minecraft:bow":7,"minecraft:oak_sapling":10,"minecraft:furnace":6,"tombstone:gift":5,"minecraft:minecart":1,"minecraft:potato":286,"minecraft:pumpkin":1,"minecraft:wheat_seeds":238,"minecraft:cooked_mutton":4,"minecraft:water_bucket":16,"minecraft:diorite":13,"minecraft:cobblestone_stairs":96,"minecraft:spruce_door":5,"minecraft:baked_potato":15,"minecraft:stone_pickaxe":578,"minecraft:powered_rail":3,"minecraft:oak_planks":2,"minecraft:cauldron":2,"minecraft:wooden_pickaxe":19,"minecraft:composter":2,"minecraft:spruce_fence_gate":20,"minecraft:cobblestone_slab":13,"minecraft:stonecutter":2,"minecraft:white_bed":24,"minecraft:rail":13,"minecraft:crafting_table":9,"minecraft:campfire":2,"minecraft:spruce_log":195,"tombstone:bag_of_seeds":5,"minecraft:wooden_hoe":61,"minecraft:iron_pickaxe":496,"minecraft:oak_button":1,"minecraft:bread":25,"minecraft:spruce_trapdoor":39,"minecraft:spruce_sapling":46,"minecraft:stone_axe":603,"minecraft:fishing_rod":13,"minecraft:purple_bed":1,"minecraft:cobblestone":281,"minecraft:cooked_porkchop":6,"minecraft:andesite":7,"minecraft:bucket":17,"alexsmobs:animal_dictionary":6,"minecraft:bone_meal":33},"minecraft:picked_up":{"minecraft:charcoal":2,"minecraft:crafting_table":4,"minecraft:wheat":120,"minecraft:chicken":1,"minecraft:lead":4,"minecraft:wooden_pickaxe":1,"minecraft:gold_block":1,"minecraft:string":23,"minecraft:raw_copper":164,"minecraft:wooden_sword":1,"tacz:ammo":334,"minecraft:pufferfish":1,"minecraft:bucket":2,"minecraft:spruce_planks":58,"minecraft:white_tulip":1,"minecraft:rose_bush":3,"minecraft:cobblestone_slab":1,"minecraft:poppy":6,"minecraft:iron_pickaxe":3,"minecraft:spruce_slab":8,"minecraft:minecart":1,"minecraft:chest":2,"minecraft:birch_sapling":2,"minecraft:spruce_trapdoor":6,"minecraft:phantom_membrane":1,"minecraft:furnace":3,"minecraft:stick":37,"minecraft:raw_iron":36,"minecraft:composter":1,"minecraft:torch":20,"minecraft:spruce_stairs":26,"minecraft:spruce_fence":4,"minecraft:porkchop":4,"tombstone:grave_dust":16,"minecraft:diorite":26,"minecraft:carrot":1,"minecraft:redstone":37,"minecraft:cauldron":1,"minecraft:zombie_spawn_egg":1,"minecraft:arrow":18,"minecraft:rotten_flesh":83,"minecraft:red_tulip":4,"minecraft:pink_tulip":5,"minecraft:gold_ingot":12,"minecraft:mutton":4,"minecraft:cod":3,"minecraft:rail":49,"minecraft:white_wool":18,"minecraft:cobblestone":706,"minecraft:andesite":30,"minecraft:salmon":3,"minecraft:potato":758,"minecraft:oak_log":43,"minecraft:gunpowder":15,"minecraft:cobblestone_stairs":13,"minecraft:lapis_lazuli":30,"minecraft:dirt":834,"minecraft:lantern":2,"minecraft:leather_boots":1,"minecraft:bone":17,"minecraft:apple":1,"minecraft:bow":3,"minecraft:stonecutter":1,"minecraft:wheat_seeds":402,"minecraft:bell":3,"minecraft:iron_ingot":11,"tombstone:bag_of_seeds":3,"minecraft:oak_planks":2,"minecraft:pumpkin":2,"minecraft:sweet_berries":32,"minecraft:dandelion":7,"minecraft:poisonous_potato":5,"minecraft:gravel":20,"minecraft:sand":30,"minecraft:stripped_spruce_log":9,"minecraft:spruce_sapling":46,"minecraft:white_bed":17,"minecraft:grass_block":1,"minecraft:spruce_log":433,"minecraft:lily_of_the_valley":2,"minecraft:spruce_door":2,"minecraft:spider_eye":7,"minecraft:spruce_fence_gate":2,"minecraft:dispenser":2,"minecraft:purple_bed":1,"minecraft:spruce_boat":3,"tacz:modern_kinetic_gun":1,"minecraft:granite":61,"alexsmobs:maggot":2,"tombstone:magic_scroll":1,"minecraft:oak_sapling":10,"minecraft:netherrack":1,"minecraft:coal":73,"minecraft:hopper":1,"minecraft:ender_pearl":2},"minecraft:dropped":{"minecraft:stone_hoe":1,"minecraft:iron_ingot":16,"minecraft:bread":3,"minecraft:stripped_spruce_log":1,"minecraft:wheat_seeds":97,"minecraft:iron_pickaxe":1,"minecraft:string":4,"minecraft:bucket":1,"minecraft:zombie_spawn_egg":1,"minecraft:stone_shovel":1,"minecraft:rotten_flesh":52,"minecraft:potato":356,"minecraft:gunpowder":6,"minecraft:bow":1,"minecraft:stone_pickaxe":1},"minecraft:mined":{"minecraft:spruce_planks":63,"minecraft:white_bed":17,"minecraft:farmland":1,"minecraft:cobblestone_stairs":13,"minecraft:spruce_trapdoor":6,"minecraft:glow_lichen":1,"minecraft:granite":60,"minecraft:spruce_fence":4,"minecraft:grass_block":384,"minecraft:spruce_leaves":87,"minecraft:composter":1,"minecraft:large_fern":3,"minecraft:redstone_ore":8,"minecraft:spruce_sapling":3,"minecraft:furnace":3,"minecraft:iron_ore":36,"minecraft:andesite":37,"minecraft:stripped_spruce_log":8,"minecraft:pumpkin":2,"minecraft:gold_block":1,"minecraft:bell":3,"minecraft:red_tulip":4,"minecraft:potatoes":223,"minecraft:dirt_path":37,"minecraft:cobblestone_slab":1,"minecraft:rail":30,"minecraft:lantern":2,"minecraft:pink_tulip":3,"minecraft:white_tulip":1,"minecraft:stone":638,"minecraft:spruce_slab":10,"minecraft:lily_of_the_valley":2,"minecraft:dandelion":4,"minecraft:spruce_door":2,"minecraft:crafting_table":4,"minecraft:torch":5,"minecraft:poppy":5,"minecraft:chest":2,"minecraft:rose_bush":3,"minecraft:campfire":1,"minecraft:copper_ore":47,"minecraft:glass":2,"minecraft:tall_grass":24,"minecraft:cobblestone":66,"minecraft:lapis_ore":5,"minecraft:oak_planks":2,"minecraft:diorite":31,"minecraft:wall_torch":11,"minecraft:cauldron":1,"minecraft:spruce_stairs":26,"minecraft:purple_bed":1,"minecraft:wheat":193,"minecraft:sweet_berry_bush":13,"minecraft:spruce_log":439,"minecraft:birch_leaves":1,"minecraft:grass":117,"minecraft:coal_ore":60,"minecraft:oak_log":45,"minecraft:gravel":21,"minecraft:dirt":277,"minecraft:sand":30,"minecraft:spruce_fence_gate":1,"minecraft:dispenser":2,"minecraft:netherrack":1,"minecraft:oak_leaves":118,"minecraft:fern":2},"minecraft:crafted":{"minecraft:oak_planks":112,"minecraft:stone_shovel":4,"minecraft:fishing_rod":1,"minecraft:iron_nugget":144,"minecraft:cooked_chicken":3,"minecraft:furnace":2,"minecraft:cobblestone_stairs":4,"minecraft:stone":5,"minecraft:bone_meal":33,"minecraft:spruce_fence":42,"minecraft:cooked_mutton":4,"minecraft:glass":79,"minecraft:lantern":9,"minecraft:spruce_stairs":60,"minecraft:bow":1,"minecraft:iron_axe":3,"minecraft:iron_hoe":1,"minecraft:spruce_slab":24,"minecraft:stone_pickaxe":5,"minecraft:chest":4,"minecraft:oak_button":1,"minecraft:stone_hoe":1,"minecraft:stone_bricks":2,"minecraft:minecart":3,"minecraft:wooden_shovel":1,"minecraft:emerald":1,"minecraft:cauldron":1,"minecraft:cooked_porkchop":4,"minecraft:crafting_table":4,"minecraft:spruce_planks":584,"minecraft:powered_rail":6,"minecraft:wooden_pickaxe":1,"minecraft:baked_potato":24,"minecraft:spruce_door":3,"tacz:gun_smith_table":1,"minecraft:copper_ingot":80,"minecraft:campfire":2,"minecraft:stone_axe":5,"minecraft:bread":32,"minecraft:air":0,"minecraft:dispenser":1,"minecraft:spruce_trapdoor":50,"minecraft:wooden_hoe":1,"minecraft:charcoal":56,"minecraft:stick":140,"minecraft:iron_ingot":8,"minecraft:iron_pickaxe":1,"minecraft:wooden_axe":1,"minecraft:iron_block":1,"minecraft:iron_shovel":2,"minecraft:stonecutter":1,"minecraft:white_bed":3,"minecraft:composter":1,"minecraft:spruce_fence_gate":18,"minecraft:torch":24,"minecraft:shears":1},"minecraft:killed_by":{"minecraft:creeper":3,"minecraft:spider":1,"minecraft:enderman":1,"minecraft:drowned":1,"minecraft:skeleton":3,"minecraft:phantom":1,"minecraft:witch":1,"minecraft:zombie":5,"alexsmobs:grizzly_bear":1},"minecraft:killed":{"minecraft:spider":20,"minecraft:phantom":3,"minecraft:skeleton":17,"minecraft:chicken":1,"minecraft:drowned":1,"minecraft:pig":2,"minecraft:wandering_trader":1,"minecraft:creeper":16,"minecraft:sheep":3,"minecraft:zombie":54,"alexsmobs:fly":3,"alexsmobs:crow":1,"minecraft:villager":1,"minecraft:enderman":2},"minecraft:custom":{"minecraft:mob_kills":128,"minecraft:animals_bred":7,"minecraft:interact_with_crafting_table":133,"minecraft:open_barrel":2,"minecraft:bell_ring":95,"minecraft:leave_game":17,"minecraft:time_since_death":15882,"minecraft:climb_one_cm":16015,"minecraft:sprint_one_cm":1942287,"minecraft:walk_one_cm":2359186,"minecraft:drop":356,"minecraft:talked_to_villager":18,"minecraft:play_time":705093,"minecraft:sneak_time":13005,"minecraft:deaths":21,"minecraft:walk_under_water_one_cm":9046,"minecraft:boat_one_cm":39512,"minecraft:jump":3380,"minecraft:walk_on_water_one_cm":40584,"minecraft:total_world_time":705093,"minecraft:interact_with_furnace":97,"tombstone:raider_killed":15,"minecraft:traded_with_villager":1,"minecraft:interact_with_stonecutter":10,"minecraft:interact_with_grindstone":1,"minecraft:time_since_rest":13998,"minecraft:damage_taken":7900,"minecraft:damage_dealt":12232,"minecraft:swim_one_cm":29848,"minecraft:fly_one_cm":238203,"minecraft:open_chest":220,"minecraft:crouch_one_cm":44048,"tombstone:undead_killed":75,"tombstone:villager_killed":2,"minecraft:fish_caught":7,"minecraft:inspect_dispenser":9,"minecraft:fall_one_cm":58832,"minecraft:horse_one_cm":1560},"minecraft:broken":{"minecraft:iron_shovel":1,"minecraft:stone_pickaxe":4,"minecraft:iron_axe":2,"minecraft:leather_boots":1,"minecraft:stone_axe":5,"minecraft:iron_pickaxe":1,"minecraft:wooden_hoe":1,"minecraft:stone_shovel":3}},"DataVersion":3465}